GAS LISTING /tmp/ccBZkcq9.s 			page 1


   1               		.file	"sevenSegmentsMuxDisplay.cpp"
   2               	__SP_H__ = 0x3e
   3               	__SP_L__ = 0x3d
   4               	__SREG__ = 0x3f
   5               	__tmp_reg__ = 0
   6               	__zero_reg__ = 1
   7               		.text
   8               	.Ltext0:
   9               		.cfi_sections	.debug_frame
  10               		.section	.text._ZN23SevenSegmentsMuxDisplayC2Ev,"ax",@progbits
  11               	.global	_ZN23SevenSegmentsMuxDisplayC2Ev
  13               	_ZN23SevenSegmentsMuxDisplayC2Ev:
  14               	.LFB83:
  15               		.file 1 "funsape/device/sevenSegmentsMuxDisplay.cpp"
   1:funsape/device/sevenSegmentsMuxDisplay.cpp **** //!
   2:funsape/device/sevenSegmentsMuxDisplay.cpp **** //! ****************************************************************************
   3:funsape/device/sevenSegmentsMuxDisplay.cpp **** //! @file           sevenSegmentsMuxDisplay.cpp
   4:funsape/device/sevenSegmentsMuxDisplay.cpp **** //! @author         Leandro Schwarz (bladabuska+funsapeavr8lib@gmail.com)
   5:funsape/device/sevenSegmentsMuxDisplay.cpp **** //! @brief          Seven Segments Multiplexed Display module interface for the
   6:funsape/device/sevenSegmentsMuxDisplay.cpp **** //!                     FunSAPE++ AVR8 Library.
   7:funsape/device/sevenSegmentsMuxDisplay.cpp **** //! @details        Seven segments multiplexed display controller with support
   8:funsape/device/sevenSegmentsMuxDisplay.cpp **** //!                     to variable number of digits (2 to 8). The library
   9:funsape/device/sevenSegmentsMuxDisplay.cpp **** //!                     supports both common anode and common cathode displays,
  10:funsape/device/sevenSegmentsMuxDisplay.cpp **** //!                     decimal point, and the special characters defined in
  11:funsape/device/sevenSegmentsMuxDisplay.cpp **** //!                     @ref sevenSegmentsDisplay.hpp.
  12:funsape/device/sevenSegmentsMuxDisplay.cpp **** //! @date           2026-04-02
  13:funsape/device/sevenSegmentsMuxDisplay.cpp **** //! @version        26.04
  14:funsape/device/sevenSegmentsMuxDisplay.cpp **** //! @copyright      MIT License
  15:funsape/device/sevenSegmentsMuxDisplay.cpp **** //! @note           No notes at this time.
  16:funsape/device/sevenSegmentsMuxDisplay.cpp **** //! @todo           No itens in todo list yet.
  17:funsape/device/sevenSegmentsMuxDisplay.cpp **** //! @bug            No bugs detected yet.
  18:funsape/device/sevenSegmentsMuxDisplay.cpp **** //! ****************************************************************************
  19:funsape/device/sevenSegmentsMuxDisplay.cpp **** //! @attention
  20:funsape/device/sevenSegmentsMuxDisplay.cpp **** //!
  21:funsape/device/sevenSegmentsMuxDisplay.cpp **** //! MIT License
  22:funsape/device/sevenSegmentsMuxDisplay.cpp **** //!
  23:funsape/device/sevenSegmentsMuxDisplay.cpp **** //! Copyright (c) 2026 Leandro Schwarz
  24:funsape/device/sevenSegmentsMuxDisplay.cpp **** //!
  25:funsape/device/sevenSegmentsMuxDisplay.cpp **** //! Permission is hereby granted, free of charge, to any person obtaining a copy
  26:funsape/device/sevenSegmentsMuxDisplay.cpp **** //!     of this software and associated documentation files (the "Software"), to
  27:funsape/device/sevenSegmentsMuxDisplay.cpp **** //!     deal in the Software without restriction, including without limitation
  28:funsape/device/sevenSegmentsMuxDisplay.cpp **** //!     the rights to use, copy, modify, merge, publish, distribute, sublicense,
  29:funsape/device/sevenSegmentsMuxDisplay.cpp **** //!     and/or sell copies of the Software, and to permit persons to whom the
  30:funsape/device/sevenSegmentsMuxDisplay.cpp **** //!     Software is furnished to do so, subject to the following conditions:
  31:funsape/device/sevenSegmentsMuxDisplay.cpp **** //!
  32:funsape/device/sevenSegmentsMuxDisplay.cpp **** //! The above copyright notice and this permission notice shall be included in
  33:funsape/device/sevenSegmentsMuxDisplay.cpp **** //!     all copies or substantial portions of the Software.
  34:funsape/device/sevenSegmentsMuxDisplay.cpp **** //!
  35:funsape/device/sevenSegmentsMuxDisplay.cpp **** //! THE SOFTWARE IS PROVIDED "AS IS", WITHOUT WARRANTY OF ANY KIND, EXPRESS OR
  36:funsape/device/sevenSegmentsMuxDisplay.cpp **** //!     IMPLIED, INCLUDING BUT NOT LIMITED TO THE WARRANTIES OF MERCHANTABILITY,
  37:funsape/device/sevenSegmentsMuxDisplay.cpp **** //!     FITNESS FOR A PARTICULAR PURPOSE AND NONINFRINGEMENT. IN NO EVENT SHALL
  38:funsape/device/sevenSegmentsMuxDisplay.cpp **** //!     THE AUTHORS OR COPYRIGHT HOLDERS BE LIABLE FOR ANY CLAIM, DAMAGES OR
  39:funsape/device/sevenSegmentsMuxDisplay.cpp **** //!     OTHER LIABILITY, WHETHER IN AN ACTION OF CONTRACT, TORT OR OTHERWISE,
  40:funsape/device/sevenSegmentsMuxDisplay.cpp **** //!     ARISING FROM, OUT OF OR IN CONNECTION WITH THE SOFTWARE OR THE USE OR
  41:funsape/device/sevenSegmentsMuxDisplay.cpp **** //!     OTHER DEALINGS IN THE SOFTWARE.
  42:funsape/device/sevenSegmentsMuxDisplay.cpp **** //!
  43:funsape/device/sevenSegmentsMuxDisplay.cpp **** //! ****************************************************************************
GAS LISTING /tmp/ccBZkcq9.s 			page 2


  44:funsape/device/sevenSegmentsMuxDisplay.cpp **** //!
  45:funsape/device/sevenSegmentsMuxDisplay.cpp **** 
  46:funsape/device/sevenSegmentsMuxDisplay.cpp **** // =============================================================================
  47:funsape/device/sevenSegmentsMuxDisplay.cpp **** // System file dependencies
  48:funsape/device/sevenSegmentsMuxDisplay.cpp **** // =============================================================================
  49:funsape/device/sevenSegmentsMuxDisplay.cpp **** 
  50:funsape/device/sevenSegmentsMuxDisplay.cpp **** #include "sevenSegmentsMuxDisplay.hpp"
  51:funsape/device/sevenSegmentsMuxDisplay.cpp **** #if !defined(__SEVEN_SEGMENTS_MUX_DISPLAY_HPP)
  52:funsape/device/sevenSegmentsMuxDisplay.cpp **** #    error Error 1 - Header file (sevenSegmentsMuxDisplay.hpp) is missing or corrupted!
  53:funsape/device/sevenSegmentsMuxDisplay.cpp **** #elif __SEVEN_SEGMENTS_MUX_DISPLAY_HPP != 2604
  54:funsape/device/sevenSegmentsMuxDisplay.cpp **** #    error Error 6 - Build mismatch between header file (sevenSegmentsMuxDisplay.hpp) and source fi
  55:funsape/device/sevenSegmentsMuxDisplay.cpp **** #endif
  56:funsape/device/sevenSegmentsMuxDisplay.cpp **** 
  57:funsape/device/sevenSegmentsMuxDisplay.cpp **** // =============================================================================
  58:funsape/device/sevenSegmentsMuxDisplay.cpp **** // File exclusive - Constants
  59:funsape/device/sevenSegmentsMuxDisplay.cpp **** // =============================================================================
  60:funsape/device/sevenSegmentsMuxDisplay.cpp **** 
  61:funsape/device/sevenSegmentsMuxDisplay.cpp **** // NONE
  62:funsape/device/sevenSegmentsMuxDisplay.cpp **** 
  63:funsape/device/sevenSegmentsMuxDisplay.cpp **** // =============================================================================
  64:funsape/device/sevenSegmentsMuxDisplay.cpp **** // File exclusive - New data types
  65:funsape/device/sevenSegmentsMuxDisplay.cpp **** // =============================================================================
  66:funsape/device/sevenSegmentsMuxDisplay.cpp **** 
  67:funsape/device/sevenSegmentsMuxDisplay.cpp **** // NONE
  68:funsape/device/sevenSegmentsMuxDisplay.cpp **** 
  69:funsape/device/sevenSegmentsMuxDisplay.cpp **** // =============================================================================
  70:funsape/device/sevenSegmentsMuxDisplay.cpp **** // File exclusive - Macro-functions
  71:funsape/device/sevenSegmentsMuxDisplay.cpp **** // =============================================================================
  72:funsape/device/sevenSegmentsMuxDisplay.cpp **** 
  73:funsape/device/sevenSegmentsMuxDisplay.cpp **** // NONE
  74:funsape/device/sevenSegmentsMuxDisplay.cpp **** 
  75:funsape/device/sevenSegmentsMuxDisplay.cpp **** // =============================================================================
  76:funsape/device/sevenSegmentsMuxDisplay.cpp **** // Global variables
  77:funsape/device/sevenSegmentsMuxDisplay.cpp **** // =============================================================================
  78:funsape/device/sevenSegmentsMuxDisplay.cpp **** 
  79:funsape/device/sevenSegmentsMuxDisplay.cpp **** // NONE
  80:funsape/device/sevenSegmentsMuxDisplay.cpp **** 
  81:funsape/device/sevenSegmentsMuxDisplay.cpp **** // =============================================================================
  82:funsape/device/sevenSegmentsMuxDisplay.cpp **** // Static functions declarations
  83:funsape/device/sevenSegmentsMuxDisplay.cpp **** // =============================================================================
  84:funsape/device/sevenSegmentsMuxDisplay.cpp **** 
  85:funsape/device/sevenSegmentsMuxDisplay.cpp **** // NONE
  86:funsape/device/sevenSegmentsMuxDisplay.cpp **** 
  87:funsape/device/sevenSegmentsMuxDisplay.cpp **** // =============================================================================
  88:funsape/device/sevenSegmentsMuxDisplay.cpp **** // Public function definitions
  89:funsape/device/sevenSegmentsMuxDisplay.cpp **** // =============================================================================
  90:funsape/device/sevenSegmentsMuxDisplay.cpp **** 
  91:funsape/device/sevenSegmentsMuxDisplay.cpp **** // NONE
  92:funsape/device/sevenSegmentsMuxDisplay.cpp **** 
  93:funsape/device/sevenSegmentsMuxDisplay.cpp **** // =============================================================================
  94:funsape/device/sevenSegmentsMuxDisplay.cpp **** // Class constructors
  95:funsape/device/sevenSegmentsMuxDisplay.cpp **** // =============================================================================
  96:funsape/device/sevenSegmentsMuxDisplay.cpp **** 
  97:funsape/device/sevenSegmentsMuxDisplay.cpp **** SevenSegmentsMuxDisplay::SevenSegmentsMuxDisplay(void) :
  16               		.loc 1 97 0
  17               		.cfi_startproc
  18               	.LVL0:
GAS LISTING /tmp/ccBZkcq9.s 			page 3


  19               	/* prologue: function */
  20               	/* frame size = 0 */
  21               	/* stack size = 0 */
  22               	.L__stack_usage = 0
  23 0000 FC01      		movw r30,r24
  24               	.LBB30:
  98:funsape/device/sevenSegmentsMuxDisplay.cpp ****     _gpioControlBus(nullptr),
  99:funsape/device/sevenSegmentsMuxDisplay.cpp ****     _gpioDataBus(nullptr),
 100:funsape/device/sevenSegmentsMuxDisplay.cpp ****     _isInitialized(false),
 101:funsape/device/sevenSegmentsMuxDisplay.cpp ****     _isPortsSet(false),
 102:funsape/device/sevenSegmentsMuxDisplay.cpp ****     _lastError(Error::NONE),
 103:funsape/device/sevenSegmentsMuxDisplay.cpp ****     _controlActiveLevel(LogicLevel::HIGH),
 104:funsape/device/sevenSegmentsMuxDisplay.cpp ****     _digitIndex(0),
 105:funsape/device/sevenSegmentsMuxDisplay.cpp ****     _digitMax(0),
 106:funsape/device/sevenSegmentsMuxDisplay.cpp ****     _digitPoint(0),
 107:funsape/device/sevenSegmentsMuxDisplay.cpp ****     _displayType(SevenSegmentsDisplayType::COMMON_ANODE)
  25               		.loc 1 107 0
  26 0002 1182      		std Z+1,__zero_reg__
  27 0004 1082      		st Z,__zero_reg__
  28 0006 1382      		std Z+3,__zero_reg__
  29 0008 1282      		std Z+2,__zero_reg__
  30 000a 8481      		ldd r24,Z+4
  31               	.LVL1:
  32 000c 8E7F      		andi r24,lo8(-2)
  33 000e 8D7F      		andi r24,lo8(~(1<<1))
  34 0010 8483      		std Z+4,r24
  35 0012 1682      		std Z+6,__zero_reg__
  36 0014 1582      		std Z+5,__zero_reg__
  37 0016 81E0      		ldi r24,lo8(1)
  38 0018 8783      		std Z+7,r24
  39 001a 8085      		ldd r24,Z+8
  40 001c 8078      		andi r24,lo8(-128)
  41 001e 8087      		std Z+8,r24
  42 0020 8189      		ldd r24,Z+17
  43 0022 8E7F      		andi r24,lo8(~(1<<0))
  44 0024 818B      		std Z+17,r24
  45               	.LVL2:
  46               	.LBB31:
  47               	.LBB32:
 108:funsape/device/sevenSegmentsMuxDisplay.cpp **** {
 109:funsape/device/sevenSegmentsMuxDisplay.cpp ****     // Mark passage for debugging purpose
 110:funsape/device/sevenSegmentsMuxDisplay.cpp ****     debugMark(PSTR("SevenSegmentsMuxDisplay::SevenSegmentsMuxDisplay(void)"),
 111:funsape/device/sevenSegmentsMuxDisplay.cpp ****             Debug::CodeIndex::SEVEN_SEGMENTS_MUX_DISPLAY_MODULE);
 112:funsape/device/sevenSegmentsMuxDisplay.cpp **** 
 113:funsape/device/sevenSegmentsMuxDisplay.cpp ****     // Reset data members
 114:funsape/device/sevenSegmentsMuxDisplay.cpp ****     for(uint8_t i = 0; i < 8; i++) {
  48               		.loc 1 114 0
  49 0026 90E0      		ldi r25,0
  50               	.LVL3:
  51               	.L3:
  52               		.loc 1 114 0 is_stmt 0 discriminator 3
  53 0028 9830      		cpi r25,lo8(8)
  54 002a 00F4      		brsh .L1
 115:funsape/device/sevenSegmentsMuxDisplay.cpp ****         this->_digitValue[i]            = (uint8_t)SevenSegmentsCode::OFF;
  55               		.loc 1 115 0 is_stmt 1 discriminator 2
  56 002c DF01      		movw r26,r30
  57 002e A90F      		add r26,r25
GAS LISTING /tmp/ccBZkcq9.s 			page 4


  58 0030 B11D      		adc r27,__zero_reg__
  59 0032 8FEF      		ldi r24,lo8(-1)
  60 0034 1996      		adiw r26,9
  61 0036 8C93      		st X,r24
 114:funsape/device/sevenSegmentsMuxDisplay.cpp ****         this->_digitValue[i]            = (uint8_t)SevenSegmentsCode::OFF;
  62               		.loc 1 114 0 discriminator 2
  63 0038 9F5F      		subi r25,lo8(-(1))
  64               	.LVL4:
  65 003a 00C0      		rjmp .L3
  66               	.L1:
  67               	/* epilogue start */
  68               	.LBE32:
  69               	.LBE31:
  70               	.LBE30:
 116:funsape/device/sevenSegmentsMuxDisplay.cpp ****     }
 117:funsape/device/sevenSegmentsMuxDisplay.cpp **** 
 118:funsape/device/sevenSegmentsMuxDisplay.cpp ****     // Returns successfully
 119:funsape/device/sevenSegmentsMuxDisplay.cpp ****     debugMessage(Error::NONE, Debug::CodeIndex::SEVEN_SEGMENTS_MUX_DISPLAY_MODULE);
 120:funsape/device/sevenSegmentsMuxDisplay.cpp ****     return;
 121:funsape/device/sevenSegmentsMuxDisplay.cpp **** }
  71               		.loc 1 121 0
  72 003c 0895      		ret
  73               		.cfi_endproc
  74               	.LFE83:
  76               	.global	_ZN23SevenSegmentsMuxDisplayC1Ev
  77               		.set	_ZN23SevenSegmentsMuxDisplayC1Ev,_ZN23SevenSegmentsMuxDisplayC2Ev
  78               		.section	.text._ZN23SevenSegmentsMuxDisplayD2Ev,"ax",@progbits
  79               	.global	_ZN23SevenSegmentsMuxDisplayD2Ev
  81               	_ZN23SevenSegmentsMuxDisplayD2Ev:
  82               	.LFB86:
 122:funsape/device/sevenSegmentsMuxDisplay.cpp **** 
 123:funsape/device/sevenSegmentsMuxDisplay.cpp **** SevenSegmentsMuxDisplay::~SevenSegmentsMuxDisplay(void)
  83               		.loc 1 123 0
  84               		.cfi_startproc
  85               	.LVL5:
  86               	/* prologue: function */
  87               	/* frame size = 0 */
  88               	/* stack size = 0 */
  89               	.L__stack_usage = 0
  90               	/* epilogue start */
 124:funsape/device/sevenSegmentsMuxDisplay.cpp **** {
 125:funsape/device/sevenSegmentsMuxDisplay.cpp ****     // Mark passage for debugging purpose
 126:funsape/device/sevenSegmentsMuxDisplay.cpp ****     debugMark("SevenSegmentsMuxDisplay::~SevenSegmentsMuxDisplay(void)",
 127:funsape/device/sevenSegmentsMuxDisplay.cpp ****             Debug::CodeIndex::SEVEN_SEGMENTS_MUX_DISPLAY_MODULE);
 128:funsape/device/sevenSegmentsMuxDisplay.cpp **** 
 129:funsape/device/sevenSegmentsMuxDisplay.cpp ****     // Returns successfully
 130:funsape/device/sevenSegmentsMuxDisplay.cpp ****     debugMessage(Error::NONE, Debug::CodeIndex::SEVEN_SEGMENTS_MUX_DISPLAY_MODULE);
 131:funsape/device/sevenSegmentsMuxDisplay.cpp ****     return;
 132:funsape/device/sevenSegmentsMuxDisplay.cpp **** }
  91               		.loc 1 132 0
  92 0000 0895      		ret
  93               		.cfi_endproc
  94               	.LFE86:
  96               	.global	_ZN23SevenSegmentsMuxDisplayD1Ev
  97               		.set	_ZN23SevenSegmentsMuxDisplayD1Ev,_ZN23SevenSegmentsMuxDisplayD2Ev
  98               		.section	.text._ZN23SevenSegmentsMuxDisplay4initE24SevenSegmentsDisplayType,"ax",@progbits
  99               	.global	_ZN23SevenSegmentsMuxDisplay4initE24SevenSegmentsDisplayType
GAS LISTING /tmp/ccBZkcq9.s 			page 5


 101               	_ZN23SevenSegmentsMuxDisplay4initE24SevenSegmentsDisplayType:
 102               	.LFB88:
 133:funsape/device/sevenSegmentsMuxDisplay.cpp **** 
 134:funsape/device/sevenSegmentsMuxDisplay.cpp **** // =============================================================================
 135:funsape/device/sevenSegmentsMuxDisplay.cpp **** // Class own methods - Public
 136:funsape/device/sevenSegmentsMuxDisplay.cpp **** // =============================================================================
 137:funsape/device/sevenSegmentsMuxDisplay.cpp **** 
 138:funsape/device/sevenSegmentsMuxDisplay.cpp **** //     ///////////////////     CONTROL AND STATUS     ///////////////////     //
 139:funsape/device/sevenSegmentsMuxDisplay.cpp **** 
 140:funsape/device/sevenSegmentsMuxDisplay.cpp **** bool_t SevenSegmentsMuxDisplay::init(const SevenSegmentsDisplayType displayType_p)
 141:funsape/device/sevenSegmentsMuxDisplay.cpp **** {
 103               		.loc 1 141 0
 104               		.cfi_startproc
 105               	.LVL6:
 106 0000 0F93      		push r16
 107               	.LCFI0:
 108               		.cfi_def_cfa_offset 3
 109               		.cfi_offset 16, -2
 110 0002 1F93      		push r17
 111               	.LCFI1:
 112               		.cfi_def_cfa_offset 4
 113               		.cfi_offset 17, -3
 114 0004 CF93      		push r28
 115               	.LCFI2:
 116               		.cfi_def_cfa_offset 5
 117               		.cfi_offset 28, -4
 118 0006 DF93      		push r29
 119               	.LCFI3:
 120               		.cfi_def_cfa_offset 6
 121               		.cfi_offset 29, -5
 122               	/* prologue: function */
 123               	/* frame size = 0 */
 124               	/* stack size = 4 */
 125               	.L__stack_usage = 4
 126 0008 EC01      		movw r28,r24
 142:funsape/device/sevenSegmentsMuxDisplay.cpp ****     // Mark passage for debugging purpose
 143:funsape/device/sevenSegmentsMuxDisplay.cpp ****     debugMark(PSTR("SevenSegmentsMuxDisplay::init(const SevenSegmentsDisplayType)"),
 144:funsape/device/sevenSegmentsMuxDisplay.cpp ****             Debug::CodeIndex::SEVEN_SEGMENTS_MUX_DISPLAY_MODULE);
 145:funsape/device/sevenSegmentsMuxDisplay.cpp **** 
 146:funsape/device/sevenSegmentsMuxDisplay.cpp ****     // Resets data members
 147:funsape/device/sevenSegmentsMuxDisplay.cpp ****     this->_isInitialized                = false;
 127               		.loc 1 147 0
 128 000a 8C81      		ldd r24,Y+4
 129               	.LVL7:
 130 000c 8E7F      		andi r24,lo8(~(1<<0))
 131 000e 8C83      		std Y+4,r24
 148:funsape/device/sevenSegmentsMuxDisplay.cpp **** 
 149:funsape/device/sevenSegmentsMuxDisplay.cpp ****     // Check for errors
 150:funsape/device/sevenSegmentsMuxDisplay.cpp ****     if(!this->_isPortsSet) {
 132               		.loc 1 150 0
 133 0010 81FB      		bst r24,1
 134 0012 0027      		clr r16
 135 0014 00F9      		bld r16,0
 136 0016 81FF      		sbrs r24,1
 137 0018 00C0      		rjmp .L12
 151:funsape/device/sevenSegmentsMuxDisplay.cpp ****         // Returns error
 152:funsape/device/sevenSegmentsMuxDisplay.cpp ****         this->_lastError = Error::GPIO_PORT_NOT_SET;
GAS LISTING /tmp/ccBZkcq9.s 			page 6


 153:funsape/device/sevenSegmentsMuxDisplay.cpp ****         debugMessage(Error::GPIO_PORT_NOT_SET, Debug::CodeIndex::SEVEN_SEGMENTS_MUX_DISPLAY_MODULE)
 154:funsape/device/sevenSegmentsMuxDisplay.cpp ****         return false;
 155:funsape/device/sevenSegmentsMuxDisplay.cpp ****     }
 156:funsape/device/sevenSegmentsMuxDisplay.cpp **** 
 157:funsape/device/sevenSegmentsMuxDisplay.cpp ****     // I/O initialization (Data Bus)
 158:funsape/device/sevenSegmentsMuxDisplay.cpp ****     if(this->_displayType == SevenSegmentsDisplayType::COMMON_ANODE) {
 138               		.loc 1 158 0
 139 001a 8989      		ldd r24,Y+17
 140 001c 80FD      		sbrc r24,0
 141 001e 00C0      		rjmp .L8
 159:funsape/device/sevenSegmentsMuxDisplay.cpp ****         this->_gpioDataBus->set();
 142               		.loc 1 159 0
 143 0020 AA81      		ldd r26,Y+2
 144 0022 BB81      		ldd r27,Y+3
 145               	.LVL8:
 146               	.LBB33:
 147               	.LBB34:
 148               		.file 2 "funsape/device/../peripheral/gpioBus.hpp"
   1:funsape/device/../peripheral/gpioBus.hpp **** //!
   2:funsape/device/../peripheral/gpioBus.hpp **** //! ****************************************************************************
   3:funsape/device/../peripheral/gpioBus.hpp **** //! @file           gpioBus.hpp
   4:funsape/device/../peripheral/gpioBus.hpp **** //! @author         Leandro Schwarz (bladabuska+funsapeavr8lib@gmail.com)
   5:funsape/device/../peripheral/gpioBus.hpp **** //! @brief          GPIO bus peripheral control.
   6:funsape/device/../peripheral/gpioBus.hpp **** //! @details        This file provides driver interface with the GPIO module to
   7:funsape/device/../peripheral/gpioBus.hpp **** //!                     multiple sequential pins for the FunSAPE++ AVR8
   8:funsape/device/../peripheral/gpioBus.hpp **** //!                     Library.
   9:funsape/device/../peripheral/gpioBus.hpp **** //! @date           2026-04-01
  10:funsape/device/../peripheral/gpioBus.hpp **** //! @version        26.04
  11:funsape/device/../peripheral/gpioBus.hpp **** //! @copyright      MIT License
  12:funsape/device/../peripheral/gpioBus.hpp **** //! @note           No notes at this time.
  13:funsape/device/../peripheral/gpioBus.hpp **** //! @todo           No items in todo list yet.
  14:funsape/device/../peripheral/gpioBus.hpp **** //! @warning        When the user calls GpioBus::clr(), GpioBus::cpl(),
  15:funsape/device/../peripheral/gpioBus.hpp **** //!                     GpioBus::set(), GpioBus::low(), GpioBus::high(),
  16:funsape/device/../peripheral/gpioBus.hpp **** //!                     GpioBus::toggle() or GpioBus::write() and the bus is in
  17:funsape/device/../peripheral/gpioBus.hpp **** //!                     PinMode::INPUT_FLOATING mode or in
  18:funsape/device/../peripheral/gpioBus.hpp **** //!                     PinMode::INPUT_PULLED_UP mode, the mode is changed which
  19:funsape/device/../peripheral/gpioBus.hpp **** //!                     could lead to some undefined behavior.
  20:funsape/device/../peripheral/gpioBus.hpp **** //! ****************************************************************************
  21:funsape/device/../peripheral/gpioBus.hpp **** //! @attention
  22:funsape/device/../peripheral/gpioBus.hpp **** //!
  23:funsape/device/../peripheral/gpioBus.hpp **** //! MIT License
  24:funsape/device/../peripheral/gpioBus.hpp **** //!
  25:funsape/device/../peripheral/gpioBus.hpp **** //! Copyright (c) 2026 Leandro Schwarz
  26:funsape/device/../peripheral/gpioBus.hpp **** //!
  27:funsape/device/../peripheral/gpioBus.hpp **** //! Permission is hereby granted, free of charge, to any person obtaining a copy
  28:funsape/device/../peripheral/gpioBus.hpp **** //!     of this software and associated documentation files (the "Software"), to
  29:funsape/device/../peripheral/gpioBus.hpp **** //!     deal in the Software without restriction, including without limitation
  30:funsape/device/../peripheral/gpioBus.hpp **** //!     the rights to use, copy, modify, merge, publish, distribute, sublicense,
  31:funsape/device/../peripheral/gpioBus.hpp **** //!     and/or sell copies of the Software, and to permit persons to whom the
  32:funsape/device/../peripheral/gpioBus.hpp **** //!     Software is furnished to do so, subject to the following conditions:
  33:funsape/device/../peripheral/gpioBus.hpp **** //!
  34:funsape/device/../peripheral/gpioBus.hpp **** //! The above copyright notice and this permission notice shall be included in
  35:funsape/device/../peripheral/gpioBus.hpp **** //!     all copies or substantial portions of the Software.
  36:funsape/device/../peripheral/gpioBus.hpp **** //!
  37:funsape/device/../peripheral/gpioBus.hpp **** //! THE SOFTWARE IS PROVIDED "AS IS", WITHOUT WARRANTY OF ANY KIND, EXPRESS OR
  38:funsape/device/../peripheral/gpioBus.hpp **** //!     IMPLIED, INCLUDING BUT NOT LIMITED TO THE WARRANTIES OF MERCHANTABILITY,
  39:funsape/device/../peripheral/gpioBus.hpp **** //!     FITNESS FOR A PARTICULAR PURPOSE AND NONINFRINGEMENT. IN NO EVENT SHALL
GAS LISTING /tmp/ccBZkcq9.s 			page 7


  40:funsape/device/../peripheral/gpioBus.hpp **** //!     THE AUTHORS OR COPYRIGHT HOLDERS BE LIABLE FOR ANY CLAIM, DAMAGES OR
  41:funsape/device/../peripheral/gpioBus.hpp **** //!     OTHER LIABILITY, WHETHER IN AN ACTION OF CONTRACT, TORT OR OTHERWISE,
  42:funsape/device/../peripheral/gpioBus.hpp **** //!     ARISING FROM, OUT OF OR IN CONNECTION WITH THE SOFTWARE OR THE USE OR
  43:funsape/device/../peripheral/gpioBus.hpp **** //!     OTHER DEALINGS IN THE SOFTWARE.
  44:funsape/device/../peripheral/gpioBus.hpp **** //!
  45:funsape/device/../peripheral/gpioBus.hpp **** //! ****************************************************************************
  46:funsape/device/../peripheral/gpioBus.hpp **** //!
  47:funsape/device/../peripheral/gpioBus.hpp **** 
  48:funsape/device/../peripheral/gpioBus.hpp **** // =============================================================================
  49:funsape/device/../peripheral/gpioBus.hpp **** // Include guard (START)
  50:funsape/device/../peripheral/gpioBus.hpp **** // =============================================================================
  51:funsape/device/../peripheral/gpioBus.hpp **** 
  52:funsape/device/../peripheral/gpioBus.hpp **** #ifndef __GPIO_BUS_HPP
  53:funsape/device/../peripheral/gpioBus.hpp **** #define __GPIO_BUS_HPP                  2604
  54:funsape/device/../peripheral/gpioBus.hpp **** 
  55:funsape/device/../peripheral/gpioBus.hpp **** // =============================================================================
  56:funsape/device/../peripheral/gpioBus.hpp **** // Dependencies
  57:funsape/device/../peripheral/gpioBus.hpp **** // =============================================================================
  58:funsape/device/../peripheral/gpioBus.hpp **** 
  59:funsape/device/../peripheral/gpioBus.hpp **** //     /////////////////     GLOBAL DEFINITIONS FILE    /////////////////     //
  60:funsape/device/../peripheral/gpioBus.hpp **** 
  61:funsape/device/../peripheral/gpioBus.hpp **** #include "../globalDefines.hpp"
  62:funsape/device/../peripheral/gpioBus.hpp **** #if !defined(__GLOBAL_DEFINES_HPP)
  63:funsape/device/../peripheral/gpioBus.hpp **** #   error [gpioBus.hpp] Error 1 - Header file (globalDefines.hpp) is missing or corrupted!
  64:funsape/device/../peripheral/gpioBus.hpp **** #elif __GLOBAL_DEFINES_HPP != __GPIO_BUS_HPP
  65:funsape/device/../peripheral/gpioBus.hpp **** #   error [gpioBus.hpp] Error 2 - Build mismatch between file (gpioBus.hpp) and global definitions 
  66:funsape/device/../peripheral/gpioBus.hpp **** #endif
  67:funsape/device/../peripheral/gpioBus.hpp **** 
  68:funsape/device/../peripheral/gpioBus.hpp **** //     //////////////////     LIBRARY DEPENDENCIES     //////////////////     //
  69:funsape/device/../peripheral/gpioBus.hpp **** 
  70:funsape/device/../peripheral/gpioBus.hpp **** #include "../util/debug.hpp"
  71:funsape/device/../peripheral/gpioBus.hpp **** #if !defined(__DEBUG_HPP)
  72:funsape/device/../peripheral/gpioBus.hpp **** #   error [gpioBus.hpp] Error 1 - Header file (debug.hpp) is missing or corrupted!
  73:funsape/device/../peripheral/gpioBus.hpp **** #elif __DEBUG_HPP != __GPIO_BUS_HPP
  74:funsape/device/../peripheral/gpioBus.hpp **** #   error [gpioBus.hpp] Error 5 - Build mismatch between file (gpioBus.hpp) and library dependency 
  75:funsape/device/../peripheral/gpioBus.hpp **** #endif
  76:funsape/device/../peripheral/gpioBus.hpp **** 
  77:funsape/device/../peripheral/gpioBus.hpp **** //     ///////////////////     STANDARD C LIBRARY     ///////////////////     //
  78:funsape/device/../peripheral/gpioBus.hpp **** 
  79:funsape/device/../peripheral/gpioBus.hpp **** // NONE
  80:funsape/device/../peripheral/gpioBus.hpp **** 
  81:funsape/device/../peripheral/gpioBus.hpp **** //     ////////////////////    AVR LIBRARY FILES     ////////////////////     //
  82:funsape/device/../peripheral/gpioBus.hpp **** 
  83:funsape/device/../peripheral/gpioBus.hpp **** // NONE
  84:funsape/device/../peripheral/gpioBus.hpp **** 
  85:funsape/device/../peripheral/gpioBus.hpp **** // +++++++++++++++++++++++++++++++++++++++++++++++++++++++++++++++++++++++++++++
  86:funsape/device/../peripheral/gpioBus.hpp **** // Doxygen: Start main group "Peripherals"
  87:funsape/device/../peripheral/gpioBus.hpp **** // +++++++++++++++++++++++++++++++++++++++++++++++++++++++++++++++++++++++++++++
  88:funsape/device/../peripheral/gpioBus.hpp **** 
  89:funsape/device/../peripheral/gpioBus.hpp **** //!
  90:funsape/device/../peripheral/gpioBus.hpp **** //! @addtogroup     Peripherals
  91:funsape/device/../peripheral/gpioBus.hpp **** //! @brief          Microcontroller peripherals.
  92:funsape/device/../peripheral/gpioBus.hpp **** //! @{
  93:funsape/device/../peripheral/gpioBus.hpp **** //!
  94:funsape/device/../peripheral/gpioBus.hpp **** 
  95:funsape/device/../peripheral/gpioBus.hpp **** // +++++++++++++++++++++++++++++++++++++++++++++++++++++++++++++++++++++++++++++
  96:funsape/device/../peripheral/gpioBus.hpp **** // Doxygen: Start subgroup "Gpio" in "Peripherals"
GAS LISTING /tmp/ccBZkcq9.s 			page 8


  97:funsape/device/../peripheral/gpioBus.hpp **** // +++++++++++++++++++++++++++++++++++++++++++++++++++++++++++++++++++++++++++++
  98:funsape/device/../peripheral/gpioBus.hpp **** 
  99:funsape/device/../peripheral/gpioBus.hpp **** //!
 100:funsape/device/../peripheral/gpioBus.hpp **** //! @addtogroup     Gpio
 101:funsape/device/../peripheral/gpioBus.hpp **** //! @brief          General Purpose Input/Output (GPIO) controller module.
 102:funsape/device/../peripheral/gpioBus.hpp **** //! @{
 103:funsape/device/../peripheral/gpioBus.hpp **** //!
 104:funsape/device/../peripheral/gpioBus.hpp **** 
 105:funsape/device/../peripheral/gpioBus.hpp **** // =============================================================================
 106:funsape/device/../peripheral/gpioBus.hpp **** // Undefining previous definitions
 107:funsape/device/../peripheral/gpioBus.hpp **** // =============================================================================
 108:funsape/device/../peripheral/gpioBus.hpp **** 
 109:funsape/device/../peripheral/gpioBus.hpp **** // NONE
 110:funsape/device/../peripheral/gpioBus.hpp **** 
 111:funsape/device/../peripheral/gpioBus.hpp **** // =============================================================================
 112:funsape/device/../peripheral/gpioBus.hpp **** // Constant definitions
 113:funsape/device/../peripheral/gpioBus.hpp **** // =============================================================================
 114:funsape/device/../peripheral/gpioBus.hpp **** 
 115:funsape/device/../peripheral/gpioBus.hpp **** // NONE
 116:funsape/device/../peripheral/gpioBus.hpp **** 
 117:funsape/device/../peripheral/gpioBus.hpp **** // =============================================================================
 118:funsape/device/../peripheral/gpioBus.hpp **** // New data types
 119:funsape/device/../peripheral/gpioBus.hpp **** // =============================================================================
 120:funsape/device/../peripheral/gpioBus.hpp **** 
 121:funsape/device/../peripheral/gpioBus.hpp **** // NONE
 122:funsape/device/../peripheral/gpioBus.hpp **** 
 123:funsape/device/../peripheral/gpioBus.hpp **** // =============================================================================
 124:funsape/device/../peripheral/gpioBus.hpp **** // Interrupt callback functions declarations
 125:funsape/device/../peripheral/gpioBus.hpp **** // =============================================================================
 126:funsape/device/../peripheral/gpioBus.hpp **** 
 127:funsape/device/../peripheral/gpioBus.hpp **** // NONE
 128:funsape/device/../peripheral/gpioBus.hpp **** 
 129:funsape/device/../peripheral/gpioBus.hpp **** // =============================================================================
 130:funsape/device/../peripheral/gpioBus.hpp **** // Public functions declarations
 131:funsape/device/../peripheral/gpioBus.hpp **** // =============================================================================
 132:funsape/device/../peripheral/gpioBus.hpp **** 
 133:funsape/device/../peripheral/gpioBus.hpp **** // NONE
 134:funsape/device/../peripheral/gpioBus.hpp **** 
 135:funsape/device/../peripheral/gpioBus.hpp **** // =============================================================================
 136:funsape/device/../peripheral/gpioBus.hpp **** // Classes
 137:funsape/device/../peripheral/gpioBus.hpp **** // =============================================================================
 138:funsape/device/../peripheral/gpioBus.hpp **** 
 139:funsape/device/../peripheral/gpioBus.hpp **** //!
 140:funsape/device/../peripheral/gpioBus.hpp **** //! @brief          GpioBus class
 141:funsape/device/../peripheral/gpioBus.hpp **** //! @details        This class manages the General Purpose Input-Output (GPIO)
 142:funsape/device/../peripheral/gpioBus.hpp **** //!                     peripheral in bus mode.
 143:funsape/device/../peripheral/gpioBus.hpp **** //! @attention      This class is not instantiated by default. The user may
 144:funsape/device/../peripheral/gpioBus.hpp **** //!                     create as many instances as necessary.
 145:funsape/device/../peripheral/gpioBus.hpp **** //!
 146:funsape/device/../peripheral/gpioBus.hpp **** class GpioBus
 147:funsape/device/../peripheral/gpioBus.hpp **** {
 148:funsape/device/../peripheral/gpioBus.hpp ****     // -------------------------------------------------------------------------
 149:funsape/device/../peripheral/gpioBus.hpp ****     // New data types ----------------------------------------------------------
 150:funsape/device/../peripheral/gpioBus.hpp **** 
 151:funsape/device/../peripheral/gpioBus.hpp **** public:
 152:funsape/device/../peripheral/gpioBus.hpp ****     // NONE
 153:funsape/device/../peripheral/gpioBus.hpp **** 
GAS LISTING /tmp/ccBZkcq9.s 			page 9


 154:funsape/device/../peripheral/gpioBus.hpp **** private:
 155:funsape/device/../peripheral/gpioBus.hpp ****     // NONE
 156:funsape/device/../peripheral/gpioBus.hpp **** 
 157:funsape/device/../peripheral/gpioBus.hpp **** protected:
 158:funsape/device/../peripheral/gpioBus.hpp ****     // NONE
 159:funsape/device/../peripheral/gpioBus.hpp **** 
 160:funsape/device/../peripheral/gpioBus.hpp **** // -------------------------------------------------------------------------
 161:funsape/device/../peripheral/gpioBus.hpp **** // Constructors ------------------------------------------------------------
 162:funsape/device/../peripheral/gpioBus.hpp **** 
 163:funsape/device/../peripheral/gpioBus.hpp **** public:
 164:funsape/device/../peripheral/gpioBus.hpp ****     //!
 165:funsape/device/../peripheral/gpioBus.hpp ****     //! @brief      GpioBus class constructor.
 166:funsape/device/../peripheral/gpioBus.hpp ****     //! @details    Creates a GpioBus object. The object must be initialized
 167:funsape/device/../peripheral/gpioBus.hpp ****     //!                 before use.
 168:funsape/device/../peripheral/gpioBus.hpp ****     //! @see        init(ioRegAddress_t gpioPort_p, PinIndex gpioBusIndex_p,
 169:funsape/device/../peripheral/gpioBus.hpp ****     //!                 cuint8_t gpioBusSize_p).
 170:funsape/device/../peripheral/gpioBus.hpp ****     //! @par Error codes:
 171:funsape/device/../peripheral/gpioBus.hpp ****     //!
 172:funsape/device/../peripheral/gpioBus.hpp ****     //! | Error code       | Meaning                          |
 173:funsape/device/../peripheral/gpioBus.hpp ****     //! |: ----------------|: --------------------------------|
 174:funsape/device/../peripheral/gpioBus.hpp ****     //! | @ref Error::NONE | Success. No erros were detected. |
 175:funsape/device/../peripheral/gpioBus.hpp ****     //!
 176:funsape/device/../peripheral/gpioBus.hpp ****     GpioBus(
 177:funsape/device/../peripheral/gpioBus.hpp ****             void
 178:funsape/device/../peripheral/gpioBus.hpp ****     );
 179:funsape/device/../peripheral/gpioBus.hpp **** 
 180:funsape/device/../peripheral/gpioBus.hpp ****     //!
 181:funsape/device/../peripheral/gpioBus.hpp ****     //! @brief      GpioBus class destructor.
 182:funsape/device/../peripheral/gpioBus.hpp ****     //! @details    Destroys a GpioBus object.
 183:funsape/device/../peripheral/gpioBus.hpp ****     //!
 184:funsape/device/../peripheral/gpioBus.hpp ****     ~GpioBus(
 185:funsape/device/../peripheral/gpioBus.hpp ****             void
 186:funsape/device/../peripheral/gpioBus.hpp ****     );
 187:funsape/device/../peripheral/gpioBus.hpp **** 
 188:funsape/device/../peripheral/gpioBus.hpp **** private:
 189:funsape/device/../peripheral/gpioBus.hpp ****     // NONE
 190:funsape/device/../peripheral/gpioBus.hpp **** 
 191:funsape/device/../peripheral/gpioBus.hpp **** protected:
 192:funsape/device/../peripheral/gpioBus.hpp ****     // NONE
 193:funsape/device/../peripheral/gpioBus.hpp **** 
 194:funsape/device/../peripheral/gpioBus.hpp ****     // -------------------------------------------------------------------------
 195:funsape/device/../peripheral/gpioBus.hpp ****     // Methods - Inherited methods ---------------------------------------------
 196:funsape/device/../peripheral/gpioBus.hpp **** 
 197:funsape/device/../peripheral/gpioBus.hpp **** public:
 198:funsape/device/../peripheral/gpioBus.hpp ****     // NONE
 199:funsape/device/../peripheral/gpioBus.hpp **** 
 200:funsape/device/../peripheral/gpioBus.hpp **** protected:
 201:funsape/device/../peripheral/gpioBus.hpp ****     // NONE
 202:funsape/device/../peripheral/gpioBus.hpp **** 
 203:funsape/device/../peripheral/gpioBus.hpp ****     // -------------------------------------------------------------------------
 204:funsape/device/../peripheral/gpioBus.hpp ****     // Methods - class own methods ---------------------------------------------
 205:funsape/device/../peripheral/gpioBus.hpp **** 
 206:funsape/device/../peripheral/gpioBus.hpp **** public:
 207:funsape/device/../peripheral/gpioBus.hpp ****     //     /////////////////     CONTROL AND STATUS     /////////////////     //
 208:funsape/device/../peripheral/gpioBus.hpp **** 
 209:funsape/device/../peripheral/gpioBus.hpp ****     //!
 210:funsape/device/../peripheral/gpioBus.hpp ****     //! @brief      Returns the last error.
GAS LISTING /tmp/ccBZkcq9.s 			page 10


 211:funsape/device/../peripheral/gpioBus.hpp ****     //! @details    Returns the last error.
 212:funsape/device/../peripheral/gpioBus.hpp ****     //! @return     @ref Error          Error status of the last operation.
 213:funsape/device/../peripheral/gpioBus.hpp ****     //!
 214:funsape/device/../peripheral/gpioBus.hpp ****     Error inlined getLastError(
 215:funsape/device/../peripheral/gpioBus.hpp ****             void
 216:funsape/device/../peripheral/gpioBus.hpp ****     ) const;
 217:funsape/device/../peripheral/gpioBus.hpp **** 
 218:funsape/device/../peripheral/gpioBus.hpp ****     //!
 219:funsape/device/../peripheral/gpioBus.hpp ****     //! @brief      Initializes the GpioBus module.
 220:funsape/device/../peripheral/gpioBus.hpp ****     //! @details    Initializes the GpioBus module.
 221:funsape/device/../peripheral/gpioBus.hpp ****     //! @param[in]  gpioPortAddress_p   Register address of the GPIO port.
 222:funsape/device/../peripheral/gpioBus.hpp ****     //! @param[in]  gpioBusIndex_p      @ref PinIndex pin position of the first
 223:funsape/device/../peripheral/gpioBus.hpp ****     //!                                     pin of the bus.
 224:funsape/device/../peripheral/gpioBus.hpp ****     //! @param[in]  gpioBusSize_p       Bus size in bits.
 225:funsape/device/../peripheral/gpioBus.hpp ****     //! @retval     true                if success.
 226:funsape/device/../peripheral/gpioBus.hpp ****     //! @retval     false               if an error occurred. Retrieve the error
 227:funsape/device/../peripheral/gpioBus.hpp ****     //!                                     by calling @ref getLastError().
 228:funsape/device/../peripheral/gpioBus.hpp ****     //! @par Error codes:
 229:funsape/device/../peripheral/gpioBus.hpp ****     //!
 230:funsape/device/../peripheral/gpioBus.hpp ****     //! | Error code                             | Meaning                                         
 231:funsape/device/../peripheral/gpioBus.hpp ****     //! |:---------------------------------------|:------------------------------------------------
 232:funsape/device/../peripheral/gpioBus.hpp ****     //! | @ref Error::NONE                       | Success. No erros were detected.                
 233:funsape/device/../peripheral/gpioBus.hpp ****     //! | @ref Error::GPIO_PORT_INVALID          | The given GPIO address is not valid.            
 234:funsape/device/../peripheral/gpioBus.hpp ****     //! | @ref Error::GPIO_BUS_SIZE_INVALID      | The bus size is greater than 8 or lower than 0. 
 235:funsape/device/../peripheral/gpioBus.hpp ****     //! | @ref Error::GPIO_PIN_OUT_OF_BOUNDARIES | The sum of the bus size and pin index must be lo
 236:funsape/device/../peripheral/gpioBus.hpp ****     //!
 237:funsape/device/../peripheral/gpioBus.hpp ****     bool_t init(
 238:funsape/device/../peripheral/gpioBus.hpp ****             ioRegAddress_t gpioPortAddress_p,
 239:funsape/device/../peripheral/gpioBus.hpp ****             const PinIndex gpioBusIndex_p,
 240:funsape/device/../peripheral/gpioBus.hpp ****             cuint8_t gpioBusSize_p
 241:funsape/device/../peripheral/gpioBus.hpp ****     );
 242:funsape/device/../peripheral/gpioBus.hpp **** 
 243:funsape/device/../peripheral/gpioBus.hpp ****     //     /////////////////    PIN RELATED METHODS     /////////////////     //
 244:funsape/device/../peripheral/gpioBus.hpp **** 
 245:funsape/device/../peripheral/gpioBus.hpp ****     //!
 246:funsape/device/../peripheral/gpioBus.hpp ****     //! @brief      Clears the GpioBus pins.
 247:funsape/device/../peripheral/gpioBus.hpp ****     //! @details    This function clears all the pins of the bus in the output
 248:funsape/device/../peripheral/gpioBus.hpp ****     //!                 @c PORTx register. If the bus mode is set to
 249:funsape/device/../peripheral/gpioBus.hpp ****     //!                 @ref PinMode::OUTPUT_PUSH_PULL, the pin outputs
 250:funsape/device/../peripheral/gpioBus.hpp ****     //!                 will be set to @ref LogicLevel::LOW.
 251:funsape/device/../peripheral/gpioBus.hpp ****     //! @warning    It is recommended to use this function only when the bus
 252:funsape/device/../peripheral/gpioBus.hpp ****     //!                 mode is set to @ref PinMode::OUTPUT_PUSH_PULL,
 253:funsape/device/../peripheral/gpioBus.hpp ****     //!                 otherwise, the bus mode will be changed to
 254:funsape/device/../peripheral/gpioBus.hpp ****     //!                 @ref PinMode::INPUT_FLOATING.
 255:funsape/device/../peripheral/gpioBus.hpp ****     //!
 256:funsape/device/../peripheral/gpioBus.hpp ****     void inlined clr(
 257:funsape/device/../peripheral/gpioBus.hpp ****             void
 258:funsape/device/../peripheral/gpioBus.hpp ****     ) const;
 259:funsape/device/../peripheral/gpioBus.hpp **** 
 260:funsape/device/../peripheral/gpioBus.hpp ****     //!
 261:funsape/device/../peripheral/gpioBus.hpp ****     //! @brief      Clears one pin of the GpioBus.
 262:funsape/device/../peripheral/gpioBus.hpp ****     //! @details    This function clears only one pin of the bus in the output
 263:funsape/device/../peripheral/gpioBus.hpp ****     //!                 @c PORTx register, given by @a bitIndex_p. The provided
 264:funsape/device/../peripheral/gpioBus.hpp ****     //!                 bit index @c 0 is relative to the bus first pin. If the
 265:funsape/device/../peripheral/gpioBus.hpp ****     //!                 bus mode is set to @ref PinMode::OUTPUT_PUSH_PULL,
 266:funsape/device/../peripheral/gpioBus.hpp ****     //!                 the selected pin output will be set to
 267:funsape/device/../peripheral/gpioBus.hpp ****     //!                 @ref LogicLevel::LOW.
GAS LISTING /tmp/ccBZkcq9.s 			page 11


 268:funsape/device/../peripheral/gpioBus.hpp ****     //! @warning    It is recommended to use this function only when the bus
 269:funsape/device/../peripheral/gpioBus.hpp ****     //!                 mode is set to @ref PinMode::OUTPUT_PUSH_PULL,
 270:funsape/device/../peripheral/gpioBus.hpp ****     //!                 otherwise, the mode of the selected pin will be changed
 271:funsape/device/../peripheral/gpioBus.hpp ****     //!                 to @ref PinMode::INPUT_FLOATING.
 272:funsape/device/../peripheral/gpioBus.hpp ****     //! @param[in]  bitIndex_p          position of the bit in the bus.
 273:funsape/device/../peripheral/gpioBus.hpp ****     //!
 274:funsape/device/../peripheral/gpioBus.hpp ****     void inlined clr(
 275:funsape/device/../peripheral/gpioBus.hpp ****             cuint8_t bitIndex_p
 276:funsape/device/../peripheral/gpioBus.hpp ****     ) const;
 277:funsape/device/../peripheral/gpioBus.hpp **** 
 278:funsape/device/../peripheral/gpioBus.hpp ****     //!
 279:funsape/device/../peripheral/gpioBus.hpp ****     //! @brief      Complements (inverts) all the GpioBus pins.
 280:funsape/device/../peripheral/gpioBus.hpp ****     //! @details    This function toggles all the pins in the output @c PORTx
 281:funsape/device/../peripheral/gpioBus.hpp ****     //!                 register. If the bus mode is set to
 282:funsape/device/../peripheral/gpioBus.hpp ****     //!                 @ref PinMode::OUTPUT_PUSH_PULL, the pins output
 283:funsape/device/../peripheral/gpioBus.hpp ****     //!                 will be toggled between @ref LogicLevel::LOW and
 284:funsape/device/../peripheral/gpioBus.hpp ****     //!                 @ref LogicLevel::HIGH.
 285:funsape/device/../peripheral/gpioBus.hpp ****     //! @warning    It is recommended to use this function only when the bus
 286:funsape/device/../peripheral/gpioBus.hpp ****     //!                 mode is set to @ref PinMode::OUTPUT_PUSH_PULL,
 287:funsape/device/../peripheral/gpioBus.hpp ****     //!                 otherwise, the bus mode will be toggled between
 288:funsape/device/../peripheral/gpioBus.hpp ****     //!                 @ref PinMode::INPUT_FLOATING and
 289:funsape/device/../peripheral/gpioBus.hpp ****     //!                 @ref PinMode::INPUT_PULLED_UP.
 290:funsape/device/../peripheral/gpioBus.hpp ****     //!
 291:funsape/device/../peripheral/gpioBus.hpp ****     void inlined cpl(
 292:funsape/device/../peripheral/gpioBus.hpp ****             void
 293:funsape/device/../peripheral/gpioBus.hpp ****     ) const;
 294:funsape/device/../peripheral/gpioBus.hpp **** 
 295:funsape/device/../peripheral/gpioBus.hpp ****     //!
 296:funsape/device/../peripheral/gpioBus.hpp ****     //! @brief      Complements (inverts) one pin of the GpioBus pins.
 297:funsape/device/../peripheral/gpioBus.hpp ****     //! @details    This function toggles only one pin of the bus in the output
 298:funsape/device/../peripheral/gpioBus.hpp ****     //!                 @c PORTx register, given by @a bitIndex_p. The provided
 299:funsape/device/../peripheral/gpioBus.hpp ****     //!                 bit index @c 0 is relative to the bus first pin. If the
 300:funsape/device/../peripheral/gpioBus.hpp ****     //!                 bus mode is set to @ref PinMode::OUTPUT_PUSH_PULL,
 301:funsape/device/../peripheral/gpioBus.hpp ****     //!                 the selected pin output will be toggled between
 302:funsape/device/../peripheral/gpioBus.hpp ****     //!                 @ref LogicLevel::LOW and @ref LogicLevel::HIGH.
 303:funsape/device/../peripheral/gpioBus.hpp ****     //! @warning    It is recommended to use this function only when the bus
 304:funsape/device/../peripheral/gpioBus.hpp ****     //!                 mode is set to @ref PinMode::OUTPUT_PUSH_PULL,
 305:funsape/device/../peripheral/gpioBus.hpp ****     //!                 otherwise, the mode of the selected pin will be toggled
 306:funsape/device/../peripheral/gpioBus.hpp ****     //!                 between @ref PinMode::INPUT_FLOATING and
 307:funsape/device/../peripheral/gpioBus.hpp ****     //!                 @ref PinMode::INPUT_PULLED_UP.
 308:funsape/device/../peripheral/gpioBus.hpp ****     //! @param[in]  bitIndex_p          position of the bit in the bus.
 309:funsape/device/../peripheral/gpioBus.hpp ****     //!
 310:funsape/device/../peripheral/gpioBus.hpp ****     void inlined cpl(
 311:funsape/device/../peripheral/gpioBus.hpp ****             cuint8_t bitIndex_p
 312:funsape/device/../peripheral/gpioBus.hpp ****     ) const;
 313:funsape/device/../peripheral/gpioBus.hpp **** 
 314:funsape/device/../peripheral/gpioBus.hpp ****     //!
 315:funsape/device/../peripheral/gpioBus.hpp ****     //! @brief      Returns the GpioBus bus size.
 316:funsape/device/../peripheral/gpioBus.hpp ****     //! @details    This function returns the GpioBus bus size in bits. If the
 317:funsape/device/../peripheral/gpioBus.hpp ****     //!                 bus is was initialized, the function returns 0.
 318:funsape/device/../peripheral/gpioBus.hpp ****     //! @return     the bus size in bits, or @c 0 if the bus was not
 319:funsape/device/../peripheral/gpioBus.hpp ****     //!                 initialized.
 320:funsape/device/../peripheral/gpioBus.hpp ****     //!
 321:funsape/device/../peripheral/gpioBus.hpp ****     uint8_t inlined getBusSize(
 322:funsape/device/../peripheral/gpioBus.hpp ****             void
 323:funsape/device/../peripheral/gpioBus.hpp ****     ) const;
 324:funsape/device/../peripheral/gpioBus.hpp **** 
GAS LISTING /tmp/ccBZkcq9.s 			page 12


 325:funsape/device/../peripheral/gpioBus.hpp ****     //!
 326:funsape/device/../peripheral/gpioBus.hpp ****     //! @brief      Sets all the GpioBus pins.
 327:funsape/device/../peripheral/gpioBus.hpp ****     //! @details    This function is an alias for @ref GpioBus::set().
 328:funsape/device/../peripheral/gpioBus.hpp ****     //!
 329:funsape/device/../peripheral/gpioBus.hpp ****     void inlined high(
 330:funsape/device/../peripheral/gpioBus.hpp ****             void
 331:funsape/device/../peripheral/gpioBus.hpp ****     ) const;
 332:funsape/device/../peripheral/gpioBus.hpp **** 
 333:funsape/device/../peripheral/gpioBus.hpp ****     //!
 334:funsape/device/../peripheral/gpioBus.hpp ****     //! @brief      Sets one pin of the GpioBus pins.
 335:funsape/device/../peripheral/gpioBus.hpp ****     //! @details    This function is an alias of
 336:funsape/device/../peripheral/gpioBus.hpp ****     //!                 @ref GpioBus::set(uint8_t bitIndex_p).
 337:funsape/device/../peripheral/gpioBus.hpp ****     //! @param[in]  bitIndex_p          position of the bit in the bus.
 338:funsape/device/../peripheral/gpioBus.hpp ****     //!
 339:funsape/device/../peripheral/gpioBus.hpp ****     void inlined high(
 340:funsape/device/../peripheral/gpioBus.hpp ****             cuint8_t bitIndex_p
 341:funsape/device/../peripheral/gpioBus.hpp ****     ) const;
 342:funsape/device/../peripheral/gpioBus.hpp **** 
 343:funsape/device/../peripheral/gpioBus.hpp ****     //!
 344:funsape/device/../peripheral/gpioBus.hpp ****     //! @brief      Checks if the GpioBus is initialized.
 345:funsape/device/../peripheral/gpioBus.hpp ****     //! @details    This function checks if the GpioBus object was successfully
 346:funsape/device/../peripheral/gpioBus.hpp ****     //!                 initialized.
 347:funsape/device/../peripheral/gpioBus.hpp ****     //! @retval     true                if the object is initialized.
 348:funsape/device/../peripheral/gpioBus.hpp ****     //! @retval     false               if the object is not initialized.
 349:funsape/device/../peripheral/gpioBus.hpp ****     //!
 350:funsape/device/../peripheral/gpioBus.hpp ****     bool_t inlined isInitialized(
 351:funsape/device/../peripheral/gpioBus.hpp ****             void
 352:funsape/device/../peripheral/gpioBus.hpp ****     ) const;
 353:funsape/device/../peripheral/gpioBus.hpp **** 
 354:funsape/device/../peripheral/gpioBus.hpp ****     //!
 355:funsape/device/../peripheral/gpioBus.hpp ****     //! @brief      Clears all the GpioBus pins.
 356:funsape/device/../peripheral/gpioBus.hpp ****     //! @details    This function is an alias for @ref GpioBus::clr().
 357:funsape/device/../peripheral/gpioBus.hpp ****     //!
 358:funsape/device/../peripheral/gpioBus.hpp ****     void inlined low(
 359:funsape/device/../peripheral/gpioBus.hpp ****             void
 360:funsape/device/../peripheral/gpioBus.hpp ****     ) const;
 361:funsape/device/../peripheral/gpioBus.hpp **** 
 362:funsape/device/../peripheral/gpioBus.hpp ****     //!
 363:funsape/device/../peripheral/gpioBus.hpp ****     //! @brief      Clears one pin of the GpioBus pins.
 364:funsape/device/../peripheral/gpioBus.hpp ****     //! @details    This function is an alias of
 365:funsape/device/../peripheral/gpioBus.hpp ****     //!                 @ref GpioBus::clr(uint8_t bitIndex_p).
 366:funsape/device/../peripheral/gpioBus.hpp ****     //! @param[in]  bitIndex_p          position of the bit in the bus.
 367:funsape/device/../peripheral/gpioBus.hpp ****     //!
 368:funsape/device/../peripheral/gpioBus.hpp ****     void inlined low(
 369:funsape/device/../peripheral/gpioBus.hpp ****             cuint8_t bitIndex_p
 370:funsape/device/../peripheral/gpioBus.hpp ****     ) const;
 371:funsape/device/../peripheral/gpioBus.hpp **** 
 372:funsape/device/../peripheral/gpioBus.hpp ****     //!
 373:funsape/device/../peripheral/gpioBus.hpp ****     //! @brief       Reads the GpioBus value.
 374:funsape/device/../peripheral/gpioBus.hpp ****     //! @details     This function returns the logic level of all the pins of the
 375:funsape/device/../peripheral/gpioBus.hpp ****     //!                  bus. Since it returns the value of the input @c PINx
 376:funsape/device/../peripheral/gpioBus.hpp ****     //!                  register, this function can be used with any
 377:funsape/device/../peripheral/gpioBus.hpp ****     //!                  @ref PinMode selection.
 378:funsape/device/../peripheral/gpioBus.hpp ****     //! @return      the logic values in the bus pins, shiftted to bit position
 379:funsape/device/../peripheral/gpioBus.hpp ****     //!                  0.
 380:funsape/device/../peripheral/gpioBus.hpp ****     //!
 381:funsape/device/../peripheral/gpioBus.hpp ****     uint8_t inlined read(
GAS LISTING /tmp/ccBZkcq9.s 			page 13


 382:funsape/device/../peripheral/gpioBus.hpp ****             void
 383:funsape/device/../peripheral/gpioBus.hpp ****     ) const;
 384:funsape/device/../peripheral/gpioBus.hpp **** 
 385:funsape/device/../peripheral/gpioBus.hpp ****     //!
 386:funsape/device/../peripheral/gpioBus.hpp ****     //! @brief      Sets all the GpioBus pins.
 387:funsape/device/../peripheral/gpioBus.hpp ****     //! @details    This function sets all the pins of the bus in the output
 388:funsape/device/../peripheral/gpioBus.hpp ****     //!                 @c PORTx register. If the bus mode is set to
 389:funsape/device/../peripheral/gpioBus.hpp ****     //!                 @ref PinMode::OUTPUT_PUSH_PULL, the pin outputs
 390:funsape/device/../peripheral/gpioBus.hpp ****     //!                 will be set to @ref LogicLevel::HIGH.
 391:funsape/device/../peripheral/gpioBus.hpp ****     //! @warning    It is recommended to use this function only when the bus
 392:funsape/device/../peripheral/gpioBus.hpp ****     //!                 mode is set to @ref PinMode::OUTPUT_PUSH_PULL,
 393:funsape/device/../peripheral/gpioBus.hpp ****     //!                 otherwise, the bus mode will be changed to
 394:funsape/device/../peripheral/gpioBus.hpp ****     //!                 @ref PinMode::INPUT_PULLED_UP.
 395:funsape/device/../peripheral/gpioBus.hpp ****     //!
 396:funsape/device/../peripheral/gpioBus.hpp ****     void inlined set(
 397:funsape/device/../peripheral/gpioBus.hpp ****             void
 398:funsape/device/../peripheral/gpioBus.hpp ****     ) const;
 399:funsape/device/../peripheral/gpioBus.hpp **** 
 400:funsape/device/../peripheral/gpioBus.hpp **** 
 401:funsape/device/../peripheral/gpioBus.hpp ****     //!
 402:funsape/device/../peripheral/gpioBus.hpp ****     //! @brief      Sets one pin of the GpioBus pins.
 403:funsape/device/../peripheral/gpioBus.hpp ****     //! @details    This function sets only one pin of the bus in the output
 404:funsape/device/../peripheral/gpioBus.hpp ****     //!                 @c PORTx register, given by @a bitIndex_p. The provided
 405:funsape/device/../peripheral/gpioBus.hpp ****     //!                 bit index @c 0 is relative to the bus first pin. If the
 406:funsape/device/../peripheral/gpioBus.hpp ****     //!                 bus mode is set to @ref PinMode::OUTPUT_PUSH_PULL,
 407:funsape/device/../peripheral/gpioBus.hpp ****     //!                 the selected pin output will be set to
 408:funsape/device/../peripheral/gpioBus.hpp ****     //!                 @ref LogicLevel::HIGH.
 409:funsape/device/../peripheral/gpioBus.hpp ****     //! @warning    It is recommended to use this function only when the bus
 410:funsape/device/../peripheral/gpioBus.hpp ****     //!                 mode is set to @ref PinMode::OUTPUT_PUSH_PULL,
 411:funsape/device/../peripheral/gpioBus.hpp ****     //!                 otherwise, the mode of the selected pin will be changed
 412:funsape/device/../peripheral/gpioBus.hpp ****     //!                 to @ref PinMode::INPUT_PULLED_UP.
 413:funsape/device/../peripheral/gpioBus.hpp ****     //! @param[in]  bitIndex_p          position of the bit in the bus.
 414:funsape/device/../peripheral/gpioBus.hpp ****     //!
 415:funsape/device/../peripheral/gpioBus.hpp ****     void inlined set(
 416:funsape/device/../peripheral/gpioBus.hpp ****             cuint8_t bitIndex_p
 417:funsape/device/../peripheral/gpioBus.hpp ****     ) const;
 418:funsape/device/../peripheral/gpioBus.hpp **** 
 419:funsape/device/../peripheral/gpioBus.hpp ****     //!
 420:funsape/device/../peripheral/gpioBus.hpp ****     //! @brief      Sets the GpioBus operation mode.
 421:funsape/device/../peripheral/gpioBus.hpp ****     //! @details    This function sets the GPIO bus operation mode to the given
 422:funsape/device/../peripheral/gpioBus.hpp ****     //!                 @a mode_p.
 423:funsape/device/../peripheral/gpioBus.hpp ****     //! @note       When the operation mode is changed to
 424:funsape/device/../peripheral/gpioBus.hpp ****     //!                 @ref PinMode::INPUT_FLOATING or to
 425:funsape/device/../peripheral/gpioBus.hpp ****     //!                 @ref PinMode::INPUT_PULLED_UP, both output @c PORTx
 426:funsape/device/../peripheral/gpioBus.hpp ****     //!                 and direction @c DDRx registers are changed. However,
 427:funsape/device/../peripheral/gpioBus.hpp ****     //!                 when the mode is changed to
 428:funsape/device/../peripheral/gpioBus.hpp ****     //!                 @ref PinMode::OUTPUT_PUSH_PULL, only the direction
 429:funsape/device/../peripheral/gpioBus.hpp ****     //!                 @c DDRx register is changed, therefore, if a specific
 430:funsape/device/../peripheral/gpioBus.hpp ****     //!                 output logic level is desired on the bus pins, the user
 431:funsape/device/../peripheral/gpioBus.hpp ****     //!                 must call the @ref clr(), @ref set() or @ref write().
 432:funsape/device/../peripheral/gpioBus.hpp ****     //! @param[in]  mode_p              @ref PinMode operation mode.
 433:funsape/device/../peripheral/gpioBus.hpp ****     //! @retval     true                if success.
 434:funsape/device/../peripheral/gpioBus.hpp ****     //! @retval     false               if an error occurred. Retrieve the error
 435:funsape/device/../peripheral/gpioBus.hpp ****     //!                                     by calling @ref getLastError().
 436:funsape/device/../peripheral/gpioBus.hpp ****     //! @par Error codes:
 437:funsape/device/../peripheral/gpioBus.hpp ****     //!
 438:funsape/device/../peripheral/gpioBus.hpp ****     //! | Error code                  | Meaning                          |
GAS LISTING /tmp/ccBZkcq9.s 			page 14


 439:funsape/device/../peripheral/gpioBus.hpp ****     //! |:----------------------------|:---------------------------------|
 440:funsape/device/../peripheral/gpioBus.hpp ****     //! | @ref Error::NONE            | Success. No erros were detected. |
 441:funsape/device/../peripheral/gpioBus.hpp ****     //! | @ref Error::NOT_INITIALIZED | The bus is not initialized.      |
 442:funsape/device/../peripheral/gpioBus.hpp ****     //!
 443:funsape/device/../peripheral/gpioBus.hpp ****     //!
 444:funsape/device/../peripheral/gpioBus.hpp ****     bool_t setMode(
 445:funsape/device/../peripheral/gpioBus.hpp ****             const PinMode mode_p
 446:funsape/device/../peripheral/gpioBus.hpp ****     );
 447:funsape/device/../peripheral/gpioBus.hpp **** 
 448:funsape/device/../peripheral/gpioBus.hpp ****     //!
 449:funsape/device/../peripheral/gpioBus.hpp ****     //! @brief      Complements (inverts) all the GpioBus pins.
 450:funsape/device/../peripheral/gpioBus.hpp ****     //! @details    This function is an alias for @ref GpioBus::cpl().
 451:funsape/device/../peripheral/gpioBus.hpp ****     //!
 452:funsape/device/../peripheral/gpioBus.hpp ****     void inlined toggle(
 453:funsape/device/../peripheral/gpioBus.hpp ****             void
 454:funsape/device/../peripheral/gpioBus.hpp ****     ) const;
 455:funsape/device/../peripheral/gpioBus.hpp **** 
 456:funsape/device/../peripheral/gpioBus.hpp ****     //!
 457:funsape/device/../peripheral/gpioBus.hpp ****     //! @brief      Complements (inverts) one pin of the GpioBus pins.
 458:funsape/device/../peripheral/gpioBus.hpp ****     //! @details    This function is an alias of
 459:funsape/device/../peripheral/gpioBus.hpp ****     //!                 @ref GpioBus::cpl(uint8_t bitIndex_p).
 460:funsape/device/../peripheral/gpioBus.hpp ****     //! @param[in]  bitIndex_p          position of the bit in the bus.
 461:funsape/device/../peripheral/gpioBus.hpp ****     //!
 462:funsape/device/../peripheral/gpioBus.hpp ****     void inlined toggle(
 463:funsape/device/../peripheral/gpioBus.hpp ****             cuint8_t bitIndex_p
 464:funsape/device/../peripheral/gpioBus.hpp ****     ) const;
 465:funsape/device/../peripheral/gpioBus.hpp **** 
 466:funsape/device/../peripheral/gpioBus.hpp **** 
 467:funsape/device/../peripheral/gpioBus.hpp ****     //!
 468:funsape/device/../peripheral/gpioBus.hpp ****     //! @brief      Writes data at the GpioBus pins.
 469:funsape/device/../peripheral/gpioBus.hpp ****     //! @details    This function writes the logic levels given by @a data_p at
 470:funsape/device/../peripheral/gpioBus.hpp ****     //!                 the of bus pins. The provided @a data_p must be relative
 471:funsape/device/../peripheral/gpioBus.hpp ****     //!                 to the bus first pin. If the bus mode is set to
 472:funsape/device/../peripheral/gpioBus.hpp ****     //!                 @ref PinMode::OUTPUT_PUSH_PULL, the pin outputs
 473:funsape/device/../peripheral/gpioBus.hpp ****     //!                 will be set to @ref LogicLevel::LOW or
 474:funsape/device/../peripheral/gpioBus.hpp ****     //!                 @ref LogicLevel::HIGH according to the bit value in
 475:funsape/device/../peripheral/gpioBus.hpp ****     //!                 @a data_p.
 476:funsape/device/../peripheral/gpioBus.hpp ****     //! @warning    It is recommended to use this function only when the bus
 477:funsape/device/../peripheral/gpioBus.hpp ****     //!                 mode is set to @ref PinMode::OUTPUT_PUSH_PULL,
 478:funsape/device/../peripheral/gpioBus.hpp ****     //!                 otherwise, the mode of some pins will be changed to
 479:funsape/device/../peripheral/gpioBus.hpp ****     //!                 @ref PinMode::INPUT_FLOATING and the some will be
 480:funsape/device/../peripheral/gpioBus.hpp ****     //!                 changed to @ref PinMode::INPUT_PULLED_UP.
 481:funsape/device/../peripheral/gpioBus.hpp ****     //! @param[in]  data_p              values to be written at the bus.
 482:funsape/device/../peripheral/gpioBus.hpp ****     //! @retval     true                if success.
 483:funsape/device/../peripheral/gpioBus.hpp ****     //! @retval     false               if an error occurred. Retrieve the error
 484:funsape/device/../peripheral/gpioBus.hpp ****     //!                                     by calling @ref getLastError().
 485:funsape/device/../peripheral/gpioBus.hpp ****     //! @par Error codes:
 486:funsape/device/../peripheral/gpioBus.hpp ****     //!
 487:funsape/device/../peripheral/gpioBus.hpp ****     //! | Error code                  | Meaning                          |
 488:funsape/device/../peripheral/gpioBus.hpp ****     //! |:----------------------------|:---------------------------------|
 489:funsape/device/../peripheral/gpioBus.hpp ****     //! | @ref Error::NONE            | Success. No erros were detected. |
 490:funsape/device/../peripheral/gpioBus.hpp ****     //! | @ref Error::NOT_INITIALIZED | The bus is not initialized.      |
 491:funsape/device/../peripheral/gpioBus.hpp ****     //!
 492:funsape/device/../peripheral/gpioBus.hpp ****     bool_t write(
 493:funsape/device/../peripheral/gpioBus.hpp ****             cuint8_t data_p
 494:funsape/device/../peripheral/gpioBus.hpp ****     );
 495:funsape/device/../peripheral/gpioBus.hpp **** 
GAS LISTING /tmp/ccBZkcq9.s 			page 15


 496:funsape/device/../peripheral/gpioBus.hpp **** private:
 497:funsape/device/../peripheral/gpioBus.hpp ****     // NONE
 498:funsape/device/../peripheral/gpioBus.hpp **** 
 499:funsape/device/../peripheral/gpioBus.hpp **** protected:
 500:funsape/device/../peripheral/gpioBus.hpp ****     // NONE
 501:funsape/device/../peripheral/gpioBus.hpp **** 
 502:funsape/device/../peripheral/gpioBus.hpp **** // -------------------------------------------------------------------------
 503:funsape/device/../peripheral/gpioBus.hpp **** // Properties --------------------------------------------------------------
 504:funsape/device/../peripheral/gpioBus.hpp **** 
 505:funsape/device/../peripheral/gpioBus.hpp **** private:
 506:funsape/device/../peripheral/gpioBus.hpp ****     //     //////////////////    HARDWARE LINKAGE     ///////////////////     //
 507:funsape/device/../peripheral/gpioBus.hpp **** 
 508:funsape/device/../peripheral/gpioBus.hpp ****     ioRegAddress_t  _regDir;                    //!< Address to the direction @c DDRx register.
 509:funsape/device/../peripheral/gpioBus.hpp ****     ioRegAddress_t  _regOut;                    //!< Address to the output @c PORTx register.
 510:funsape/device/../peripheral/gpioBus.hpp ****     ioRegAddress_t  _regIn;                     //!< Address to the input @c PINx register.
 511:funsape/device/../peripheral/gpioBus.hpp ****     ioPinMask_t     _pinMask;                   //!< Pin mask.
 512:funsape/device/../peripheral/gpioBus.hpp ****     ioPinIndex_t    _pinIndex;                  //!< Pin index.
 513:funsape/device/../peripheral/gpioBus.hpp **** 
 514:funsape/device/../peripheral/gpioBus.hpp ****     //     ////////////////////   CONFIGURATION     /////////////////////     //
 515:funsape/device/../peripheral/gpioBus.hpp **** 
 516:funsape/device/../peripheral/gpioBus.hpp ****     uint8_t         _busSize            : 4;    //!< Bus size in bits.
 517:funsape/device/../peripheral/gpioBus.hpp **** 
 518:funsape/device/../peripheral/gpioBus.hpp ****     //     /////////////////    CONTROL AND STATUS     //////////////////     //
 519:funsape/device/../peripheral/gpioBus.hpp **** 
 520:funsape/device/../peripheral/gpioBus.hpp ****     bool_t          _isInitialized      : 1;    //!< Initialization flag.
 521:funsape/device/../peripheral/gpioBus.hpp ****     Error           _lastError;                 //!< Last error.
 522:funsape/device/../peripheral/gpioBus.hpp **** 
 523:funsape/device/../peripheral/gpioBus.hpp **** protected:
 524:funsape/device/../peripheral/gpioBus.hpp ****     // NONE
 525:funsape/device/../peripheral/gpioBus.hpp **** 
 526:funsape/device/../peripheral/gpioBus.hpp **** }; // class GpioBus
 527:funsape/device/../peripheral/gpioBus.hpp **** 
 528:funsape/device/../peripheral/gpioBus.hpp **** // =============================================================================
 529:funsape/device/../peripheral/gpioBus.hpp **** // Inlined class functions
 530:funsape/device/../peripheral/gpioBus.hpp **** // =============================================================================
 531:funsape/device/../peripheral/gpioBus.hpp **** 
 532:funsape/device/../peripheral/gpioBus.hpp **** //!
 533:funsape/device/../peripheral/gpioBus.hpp **** //! @cond
 534:funsape/device/../peripheral/gpioBus.hpp **** //!
 535:funsape/device/../peripheral/gpioBus.hpp **** 
 536:funsape/device/../peripheral/gpioBus.hpp **** //     /////////////////     CONTROL AND STATUS     /////////////////     //
 537:funsape/device/../peripheral/gpioBus.hpp **** 
 538:funsape/device/../peripheral/gpioBus.hpp **** Error inlined GpioBus::getLastError(void) const
 539:funsape/device/../peripheral/gpioBus.hpp **** {
 540:funsape/device/../peripheral/gpioBus.hpp ****     // Returns last error
 541:funsape/device/../peripheral/gpioBus.hpp ****     return this->_lastError;
 542:funsape/device/../peripheral/gpioBus.hpp **** }
 543:funsape/device/../peripheral/gpioBus.hpp **** 
 544:funsape/device/../peripheral/gpioBus.hpp **** //     /////////////////    PIN RELATED METHODS     /////////////////     //
 545:funsape/device/../peripheral/gpioBus.hpp **** 
 546:funsape/device/../peripheral/gpioBus.hpp **** void inlined GpioBus::clr(void) const
 547:funsape/device/../peripheral/gpioBus.hpp **** {
 548:funsape/device/../peripheral/gpioBus.hpp ****     // Clear pin
 549:funsape/device/../peripheral/gpioBus.hpp ****     clrMask(*(this->_regOut), (uint8_t)this->_pinMask);
 550:funsape/device/../peripheral/gpioBus.hpp **** 
 551:funsape/device/../peripheral/gpioBus.hpp ****     // Returns
 552:funsape/device/../peripheral/gpioBus.hpp ****     return;
GAS LISTING /tmp/ccBZkcq9.s 			page 16


 553:funsape/device/../peripheral/gpioBus.hpp **** }
 554:funsape/device/../peripheral/gpioBus.hpp **** 
 555:funsape/device/../peripheral/gpioBus.hpp **** void inlined GpioBus::clr(cuint8_t bitIndex_p) const
 556:funsape/device/../peripheral/gpioBus.hpp **** {
 557:funsape/device/../peripheral/gpioBus.hpp ****     // Clear pin
 558:funsape/device/../peripheral/gpioBus.hpp ****     clrBit(*(this->_regOut), (bitIndex_p + (uint8_t)this->_pinIndex));
 559:funsape/device/../peripheral/gpioBus.hpp **** 
 560:funsape/device/../peripheral/gpioBus.hpp ****     // Returns
 561:funsape/device/../peripheral/gpioBus.hpp ****     return;
 562:funsape/device/../peripheral/gpioBus.hpp **** }
 563:funsape/device/../peripheral/gpioBus.hpp **** 
 564:funsape/device/../peripheral/gpioBus.hpp **** void inlined GpioBus::cpl(void) const
 565:funsape/device/../peripheral/gpioBus.hpp **** {
 566:funsape/device/../peripheral/gpioBus.hpp ****     // Toggle pin
 567:funsape/device/../peripheral/gpioBus.hpp ****     cplMask(*(this->_regOut), (uint8_t)this->_pinMask);
 568:funsape/device/../peripheral/gpioBus.hpp **** 
 569:funsape/device/../peripheral/gpioBus.hpp ****     // Returns
 570:funsape/device/../peripheral/gpioBus.hpp ****     return;
 571:funsape/device/../peripheral/gpioBus.hpp **** }
 572:funsape/device/../peripheral/gpioBus.hpp **** 
 573:funsape/device/../peripheral/gpioBus.hpp **** void inlined GpioBus::cpl(cuint8_t bitIndex_p) const
 574:funsape/device/../peripheral/gpioBus.hpp **** {
 575:funsape/device/../peripheral/gpioBus.hpp ****     // Clear pin
 576:funsape/device/../peripheral/gpioBus.hpp ****     cplBit(*(this->_regOut), (bitIndex_p + (uint8_t)this->_pinIndex));
 577:funsape/device/../peripheral/gpioBus.hpp **** 
 578:funsape/device/../peripheral/gpioBus.hpp ****     // Returns
 579:funsape/device/../peripheral/gpioBus.hpp ****     return;
 580:funsape/device/../peripheral/gpioBus.hpp **** }
 581:funsape/device/../peripheral/gpioBus.hpp **** 
 582:funsape/device/../peripheral/gpioBus.hpp **** uint8_t inlined GpioBus::getBusSize(void) const
 583:funsape/device/../peripheral/gpioBus.hpp **** {
 584:funsape/device/../peripheral/gpioBus.hpp ****     // Returns value
 585:funsape/device/../peripheral/gpioBus.hpp ****     return ((this->_isInitialized) ? (this->_busSize) : (0));
 586:funsape/device/../peripheral/gpioBus.hpp **** }
 587:funsape/device/../peripheral/gpioBus.hpp **** 
 588:funsape/device/../peripheral/gpioBus.hpp **** void inlined GpioBus::high(void) const
 589:funsape/device/../peripheral/gpioBus.hpp **** {
 590:funsape/device/../peripheral/gpioBus.hpp ****     this->set();
 591:funsape/device/../peripheral/gpioBus.hpp **** 
 592:funsape/device/../peripheral/gpioBus.hpp ****     return;
 593:funsape/device/../peripheral/gpioBus.hpp **** }
 594:funsape/device/../peripheral/gpioBus.hpp **** 
 595:funsape/device/../peripheral/gpioBus.hpp **** void inlined GpioBus::high(cuint8_t bitIndex_p) const
 596:funsape/device/../peripheral/gpioBus.hpp **** {
 597:funsape/device/../peripheral/gpioBus.hpp ****     this->set(bitIndex_p);
 598:funsape/device/../peripheral/gpioBus.hpp **** 
 599:funsape/device/../peripheral/gpioBus.hpp ****     return;
 600:funsape/device/../peripheral/gpioBus.hpp **** }
 601:funsape/device/../peripheral/gpioBus.hpp **** 
 602:funsape/device/../peripheral/gpioBus.hpp **** bool_t inlined GpioBus::isInitialized(void) const
 603:funsape/device/../peripheral/gpioBus.hpp **** {
 604:funsape/device/../peripheral/gpioBus.hpp ****     return this->_isInitialized;
 605:funsape/device/../peripheral/gpioBus.hpp **** }
 606:funsape/device/../peripheral/gpioBus.hpp **** 
 607:funsape/device/../peripheral/gpioBus.hpp **** void inlined GpioBus::low(void) const
 608:funsape/device/../peripheral/gpioBus.hpp **** {
 609:funsape/device/../peripheral/gpioBus.hpp ****     this->clr();
GAS LISTING /tmp/ccBZkcq9.s 			page 17


 610:funsape/device/../peripheral/gpioBus.hpp **** 
 611:funsape/device/../peripheral/gpioBus.hpp ****     return;
 612:funsape/device/../peripheral/gpioBus.hpp **** }
 613:funsape/device/../peripheral/gpioBus.hpp **** 
 614:funsape/device/../peripheral/gpioBus.hpp **** void inlined GpioBus::low(cuint8_t bitIndex_p) const
 615:funsape/device/../peripheral/gpioBus.hpp **** {
 616:funsape/device/../peripheral/gpioBus.hpp ****     this->clr(bitIndex_p);
 617:funsape/device/../peripheral/gpioBus.hpp **** 
 618:funsape/device/../peripheral/gpioBus.hpp ****     return;
 619:funsape/device/../peripheral/gpioBus.hpp **** }
 620:funsape/device/../peripheral/gpioBus.hpp **** 
 621:funsape/device/../peripheral/gpioBus.hpp **** uint8_t inlined GpioBus::read(void) const
 622:funsape/device/../peripheral/gpioBus.hpp **** {
 623:funsape/device/../peripheral/gpioBus.hpp ****     return (uint8_t)((*(this->_regIn) & (uint8_t)this->_pinMask) >> (uint8_t)this->_pinIndex);
 624:funsape/device/../peripheral/gpioBus.hpp **** }
 625:funsape/device/../peripheral/gpioBus.hpp **** 
 626:funsape/device/../peripheral/gpioBus.hpp **** void inlined GpioBus::set(void) const
 627:funsape/device/../peripheral/gpioBus.hpp **** {
 628:funsape/device/../peripheral/gpioBus.hpp ****     // Set pin
 629:funsape/device/../peripheral/gpioBus.hpp ****     setMask(*(this->_regOut), (uint8_t)this->_pinMask);
 149               		.loc 2 629 0
 150 0024 1296      		adiw r26,2
 151 0026 ED91      		ld r30,X+
 152 0028 FC91      		ld r31,X
 153 002a 1397      		sbiw r26,2+1
 154 002c 8081      		ld r24,Z
 155 002e 1696      		adiw r26,6
 156 0030 9C91      		ld r25,X
 157 0032 892B      		or r24,r25
 158 0034 8083      		st Z,r24
 159               	.LVL9:
 160               	.L9:
 161 0036 162F      		mov r17,r22
 162               	.LBE34:
 163               	.LBE33:
 160:funsape/device/sevenSegmentsMuxDisplay.cpp ****     } else {
 161:funsape/device/sevenSegmentsMuxDisplay.cpp ****         this->_gpioDataBus->clr();
 162:funsape/device/sevenSegmentsMuxDisplay.cpp ****     }
 163:funsape/device/sevenSegmentsMuxDisplay.cpp ****     this->_gpioDataBus->setMode(PinMode::OUTPUT_PUSH_PULL);
 164               		.loc 1 163 0
 165 0038 62E0      		ldi r22,lo8(2)
 166               	.LVL10:
 167 003a 8A81      		ldd r24,Y+2
 168 003c 9B81      		ldd r25,Y+3
 169 003e 0E94 0000 		call _ZN7GpioBus7setModeE7PinMode
 170               	.LVL11:
 164:funsape/device/sevenSegmentsMuxDisplay.cpp **** 
 165:funsape/device/sevenSegmentsMuxDisplay.cpp ****     // I/O initialization (Control Bus)
 166:funsape/device/sevenSegmentsMuxDisplay.cpp ****     if(this->_controlActiveLevel == LogicLevel::HIGH) {
 171               		.loc 1 166 0
 172 0042 8F81      		ldd r24,Y+7
 173 0044 80FF      		sbrs r24,0
 174 0046 00C0      		rjmp .L10
 167:funsape/device/sevenSegmentsMuxDisplay.cpp ****         this->_gpioControlBus->clr();
 175               		.loc 1 167 0
 176 0048 A881      		ld r26,Y
 177 004a B981      		ldd r27,Y+1
GAS LISTING /tmp/ccBZkcq9.s 			page 18


 178               	.LVL12:
 179               	.LBB35:
 180               	.LBB36:
 549:funsape/device/../peripheral/gpioBus.hpp **** 
 181               		.loc 2 549 0
 182 004c 1296      		adiw r26,2
 183 004e ED91      		ld r30,X+
 184 0050 FC91      		ld r31,X
 185 0052 1397      		sbiw r26,2+1
 186 0054 9081      		ld r25,Z
 187 0056 1696      		adiw r26,6
 188 0058 8C91      		ld r24,X
 189 005a 8095      		com r24
 190 005c 8923      		and r24,r25
 191 005e 8083      		st Z,r24
 192               	.LVL13:
 193               	.L11:
 194               	.LBE36:
 195               	.LBE35:
 168:funsape/device/sevenSegmentsMuxDisplay.cpp ****     } else {
 169:funsape/device/sevenSegmentsMuxDisplay.cpp ****         this->_gpioControlBus->set();
 170:funsape/device/sevenSegmentsMuxDisplay.cpp ****     }
 171:funsape/device/sevenSegmentsMuxDisplay.cpp ****     this->_gpioControlBus->setMode(PinMode::OUTPUT_PUSH_PULL);
 196               		.loc 1 171 0
 197 0060 62E0      		ldi r22,lo8(2)
 198 0062 8881      		ld r24,Y
 199 0064 9981      		ldd r25,Y+1
 200 0066 0E94 0000 		call _ZN7GpioBus7setModeE7PinMode
 201               	.LVL14:
 172:funsape/device/sevenSegmentsMuxDisplay.cpp **** 
 173:funsape/device/sevenSegmentsMuxDisplay.cpp ****     // Updates data members
 174:funsape/device/sevenSegmentsMuxDisplay.cpp ****     this->_displayType                  = displayType_p;
 202               		.loc 1 174 0
 203 006a 8989      		ldd r24,Y+17
 204 006c 10FB      		bst r17,0
 205 006e 80F9      		bld r24,0
 206 0070 898B      		std Y+17,r24
 175:funsape/device/sevenSegmentsMuxDisplay.cpp ****     this->_isInitialized                = true;
 207               		.loc 1 175 0
 208 0072 8C81      		ldd r24,Y+4
 209 0074 8160      		ori r24,lo8(1<<0)
 210 0076 8C83      		std Y+4,r24
 176:funsape/device/sevenSegmentsMuxDisplay.cpp **** 
 177:funsape/device/sevenSegmentsMuxDisplay.cpp ****     // Returns successfully
 178:funsape/device/sevenSegmentsMuxDisplay.cpp ****     this->_lastError = Error::NONE;
 211               		.loc 1 178 0
 212 0078 1E82      		std Y+6,__zero_reg__
 213 007a 1D82      		std Y+5,__zero_reg__
 214               	.LVL15:
 215               	.L5:
 179:funsape/device/sevenSegmentsMuxDisplay.cpp ****     debugMessage(Error::NONE, Debug::CodeIndex::SEVEN_SEGMENTS_MUX_DISPLAY_MODULE);
 180:funsape/device/sevenSegmentsMuxDisplay.cpp ****     return true;
 181:funsape/device/sevenSegmentsMuxDisplay.cpp **** }
 216               		.loc 1 181 0
 217 007c 802F      		mov r24,r16
 218               	/* epilogue start */
 219 007e DF91      		pop r29
GAS LISTING /tmp/ccBZkcq9.s 			page 19


 220 0080 CF91      		pop r28
 221               	.LVL16:
 222 0082 1F91      		pop r17
 223 0084 0F91      		pop r16
 224 0086 0895      		ret
 225               	.LVL17:
 226               	.L12:
 152:funsape/device/sevenSegmentsMuxDisplay.cpp ****         debugMessage(Error::GPIO_PORT_NOT_SET, Debug::CodeIndex::SEVEN_SEGMENTS_MUX_DISPLAY_MODULE)
 227               		.loc 1 152 0
 228 0088 85E8      		ldi r24,lo8(-123)
 229 008a 90E0      		ldi r25,0
 230 008c 9E83      		std Y+6,r25
 231 008e 8D83      		std Y+5,r24
 154:funsape/device/sevenSegmentsMuxDisplay.cpp ****     }
 232               		.loc 1 154 0
 233 0090 00C0      		rjmp .L5
 234               	.L8:
 161:funsape/device/sevenSegmentsMuxDisplay.cpp ****     }
 235               		.loc 1 161 0
 236 0092 AA81      		ldd r26,Y+2
 237 0094 BB81      		ldd r27,Y+3
 238               	.LVL18:
 239               	.LBB37:
 240               	.LBB38:
 549:funsape/device/../peripheral/gpioBus.hpp **** 
 241               		.loc 2 549 0
 242 0096 1296      		adiw r26,2
 243 0098 ED91      		ld r30,X+
 244 009a FC91      		ld r31,X
 245 009c 1397      		sbiw r26,2+1
 246 009e 9081      		ld r25,Z
 247 00a0 1696      		adiw r26,6
 248 00a2 8C91      		ld r24,X
 249 00a4 8095      		com r24
 250 00a6 8923      		and r24,r25
 251 00a8 8083      		st Z,r24
 252 00aa 00C0      		rjmp .L9
 253               	.LVL19:
 254               	.L10:
 255               	.LBE38:
 256               	.LBE37:
 169:funsape/device/sevenSegmentsMuxDisplay.cpp ****     }
 257               		.loc 1 169 0
 258 00ac A881      		ld r26,Y
 259 00ae B981      		ldd r27,Y+1
 260               	.LVL20:
 261               	.LBB39:
 262               	.LBB40:
 263               		.loc 2 629 0
 264 00b0 1296      		adiw r26,2
 265 00b2 ED91      		ld r30,X+
 266 00b4 FC91      		ld r31,X
 267 00b6 1397      		sbiw r26,2+1
 268 00b8 8081      		ld r24,Z
 269 00ba 1696      		adiw r26,6
 270 00bc 9C91      		ld r25,X
 271 00be 892B      		or r24,r25
GAS LISTING /tmp/ccBZkcq9.s 			page 20


 272 00c0 8083      		st Z,r24
 273 00c2 00C0      		rjmp .L11
 274               	.LBE40:
 275               	.LBE39:
 276               		.cfi_endproc
 277               	.LFE88:
 279               		.section	.text._ZN23SevenSegmentsMuxDisplay8setPortsEP7GpioBusS1_10LogicLevel,"ax",@progbits
 280               	.global	_ZN23SevenSegmentsMuxDisplay8setPortsEP7GpioBusS1_10LogicLevel
 282               	_ZN23SevenSegmentsMuxDisplay8setPortsEP7GpioBusS1_10LogicLevel:
 283               	.LFB89:
 182:funsape/device/sevenSegmentsMuxDisplay.cpp **** 
 183:funsape/device/sevenSegmentsMuxDisplay.cpp **** bool_t SevenSegmentsMuxDisplay::setPorts(GpioBus *gpioData_p, GpioBus *gpioControl_p, const LogicLe
 184:funsape/device/sevenSegmentsMuxDisplay.cpp **** {
 284               		.loc 1 184 0
 285               		.cfi_startproc
 286               	.LVL21:
 287               	/* prologue: function */
 288               	/* frame size = 0 */
 289               	/* stack size = 0 */
 290               	.L__stack_usage = 0
 291 0000 FC01      		movw r30,r24
 292               	.LVL22:
 185:funsape/device/sevenSegmentsMuxDisplay.cpp ****     // Mark passage for debugging purpose
 186:funsape/device/sevenSegmentsMuxDisplay.cpp ****     debugMark(PSTR("SevenSegmentsMuxDisplay::setPorts(GpioBus *, GpioBus *, const LogicLevel)"),
 187:funsape/device/sevenSegmentsMuxDisplay.cpp ****             Debug::CodeIndex::SEVEN_SEGMENTS_MUX_DISPLAY_MODULE);
 188:funsape/device/sevenSegmentsMuxDisplay.cpp **** 
 189:funsape/device/sevenSegmentsMuxDisplay.cpp ****     // Local variables
 190:funsape/device/sevenSegmentsMuxDisplay.cpp ****     uint8_t aux8                        = 0;
 191:funsape/device/sevenSegmentsMuxDisplay.cpp **** 
 192:funsape/device/sevenSegmentsMuxDisplay.cpp ****     // Resets data members
 193:funsape/device/sevenSegmentsMuxDisplay.cpp ****     this->_digitIndex                   = 0;
 293               		.loc 1 193 0
 294 0002 8781      		ldd r24,Z+7
 295               	.LVL23:
 194:funsape/device/sevenSegmentsMuxDisplay.cpp ****     this->_digitMax                     = 0;
 296               		.loc 1 194 0
 297 0004 8178      		andi r24,lo8(-127)
 298 0006 8783      		std Z+7,r24
 195:funsape/device/sevenSegmentsMuxDisplay.cpp ****     this->_gpioControlBus               = nullptr;
 299               		.loc 1 195 0
 300 0008 1182      		std Z+1,__zero_reg__
 301 000a 1082      		st Z,__zero_reg__
 196:funsape/device/sevenSegmentsMuxDisplay.cpp ****     this->_gpioDataBus                  = nullptr;
 302               		.loc 1 196 0
 303 000c 1382      		std Z+3,__zero_reg__
 304 000e 1282      		std Z+2,__zero_reg__
 197:funsape/device/sevenSegmentsMuxDisplay.cpp ****     this->_isInitialized                = false;
 305               		.loc 1 197 0
 306 0010 8481      		ldd r24,Z+4
 198:funsape/device/sevenSegmentsMuxDisplay.cpp ****     this->_isPortsSet                   = false;
 307               		.loc 1 198 0
 308 0012 8E7F      		andi r24,lo8(-2)
 309 0014 8D7F      		andi r24,lo8(~(1<<1))
 310 0016 8483      		std Z+4,r24
 199:funsape/device/sevenSegmentsMuxDisplay.cpp **** 
 200:funsape/device/sevenSegmentsMuxDisplay.cpp ****     // Check for errors
 201:funsape/device/sevenSegmentsMuxDisplay.cpp ****     if(!isPointerValid(gpioData_p)) {
GAS LISTING /tmp/ccBZkcq9.s 			page 21


 311               		.loc 1 201 0
 312 0018 6115      		cp r22,__zero_reg__
 313 001a 7105      		cpc r23,__zero_reg__
 314 001c 01F0      		breq .L21
 315               	.LVL24:
 316               	.LBB41:
 317               	.LBB42:
 604:funsape/device/../peripheral/gpioBus.hpp **** }
 318               		.loc 2 604 0
 319 001e DB01      		movw r26,r22
 320 0020 1896      		adiw r26,8
 321 0022 9C91      		ld r25,X
 322 0024 1897      		sbiw r26,8
 323               	.LVL25:
 324               	.LBE42:
 325               	.LBE41:
 202:funsape/device/sevenSegmentsMuxDisplay.cpp ****         // Returns error
 203:funsape/device/sevenSegmentsMuxDisplay.cpp ****         debugMessage(Error::GPIO_PORT_INVALID, Debug::CodeIndex::SEVEN_SEGMENTS_MUX_DISPLAY_MODULE)
 204:funsape/device/sevenSegmentsMuxDisplay.cpp ****         this->_lastError = Error::GPIO_PORT_INVALID;
 205:funsape/device/sevenSegmentsMuxDisplay.cpp ****         return false;
 206:funsape/device/sevenSegmentsMuxDisplay.cpp ****     }
 207:funsape/device/sevenSegmentsMuxDisplay.cpp ****     if(!gpioData_p->isInitialized()) {
 326               		.loc 1 207 0
 327 0026 94FB      		bst r25,4
 328 0028 8827      		clr r24
 329 002a 80F9      		bld r24,0
 330 002c 94FF      		sbrs r25,4
 331 002e 00C0      		rjmp .L22
 332               	.LVL26:
 333               	.LBB43:
 334               	.LBB44:
 585:funsape/device/../peripheral/gpioBus.hpp **** }
 335               		.loc 2 585 0
 336 0030 1896      		adiw r26,8
 337 0032 8C91      		ld r24,X
 338 0034 8F70      		andi r24,lo8(15)
 339               	.LVL27:
 340               	.LBE44:
 341               	.LBE43:
 208:funsape/device/sevenSegmentsMuxDisplay.cpp ****         // Returns error
 209:funsape/device/sevenSegmentsMuxDisplay.cpp ****         debugMessage(Error::GPIO_NOT_INITIALIZED, Debug::CodeIndex::SEVEN_SEGMENTS_MUX_DISPLAY_MODU
 210:funsape/device/sevenSegmentsMuxDisplay.cpp ****         this->_lastError = Error::GPIO_NOT_INITIALIZED;
 211:funsape/device/sevenSegmentsMuxDisplay.cpp ****         return false;
 212:funsape/device/sevenSegmentsMuxDisplay.cpp ****     }
 213:funsape/device/sevenSegmentsMuxDisplay.cpp ****     if(gpioData_p->getBusSize() != 8) {
 342               		.loc 1 213 0
 343 0036 8830      		cpi r24,lo8(8)
 344 0038 01F0      		breq .L17
 214:funsape/device/sevenSegmentsMuxDisplay.cpp ****         // Returns error
 215:funsape/device/sevenSegmentsMuxDisplay.cpp ****         debugMessage(Error::GPIO_BUS_SIZE_INVALID, Debug::CodeIndex::SEVEN_SEGMENTS_MUX_DISPLAY_MOD
 216:funsape/device/sevenSegmentsMuxDisplay.cpp ****         this->_lastError = Error::GPIO_BUS_SIZE_INVALID;
 345               		.loc 1 216 0
 346 003a 81E8      		ldi r24,lo8(-127)
 347 003c 90E0      		ldi r25,0
 348 003e 9683      		std Z+6,r25
 349 0040 8583      		std Z+5,r24
 217:funsape/device/sevenSegmentsMuxDisplay.cpp ****         return false;
GAS LISTING /tmp/ccBZkcq9.s 			page 22


 350               		.loc 1 217 0
 351 0042 80E0      		ldi r24,0
 352 0044 0895      		ret
 353               	.L21:
 204:funsape/device/sevenSegmentsMuxDisplay.cpp ****         return false;
 354               		.loc 1 204 0
 355 0046 84E8      		ldi r24,lo8(-124)
 356 0048 90E0      		ldi r25,0
 357 004a 9683      		std Z+6,r25
 358 004c 8583      		std Z+5,r24
 205:funsape/device/sevenSegmentsMuxDisplay.cpp ****     }
 359               		.loc 1 205 0
 360 004e 80E0      		ldi r24,0
 361 0050 0895      		ret
 362               	.L22:
 210:funsape/device/sevenSegmentsMuxDisplay.cpp ****         return false;
 363               		.loc 1 210 0
 364 0052 22E8      		ldi r18,lo8(-126)
 365 0054 30E0      		ldi r19,0
 366               	.LVL28:
 367 0056 3683      		std Z+6,r19
 368 0058 2583      		std Z+5,r18
 211:funsape/device/sevenSegmentsMuxDisplay.cpp ****     }
 369               		.loc 1 211 0
 370 005a 0895      		ret
 371               	.LVL29:
 372               	.L17:
 218:funsape/device/sevenSegmentsMuxDisplay.cpp ****     }
 219:funsape/device/sevenSegmentsMuxDisplay.cpp ****     if(!isPointerValid(gpioControl_p)) {
 373               		.loc 1 219 0
 374 005c 4115      		cp r20,__zero_reg__
 375 005e 5105      		cpc r21,__zero_reg__
 376 0060 01F0      		breq .L23
 377               	.LVL30:
 378               	.LBB45:
 379               	.LBB46:
 604:funsape/device/../peripheral/gpioBus.hpp **** }
 380               		.loc 2 604 0
 381 0062 DA01      		movw r26,r20
 382 0064 1896      		adiw r26,8
 383 0066 9C91      		ld r25,X
 384 0068 1897      		sbiw r26,8
 385               	.LVL31:
 386               	.LBE46:
 387               	.LBE45:
 220:funsape/device/sevenSegmentsMuxDisplay.cpp ****         // Returns error
 221:funsape/device/sevenSegmentsMuxDisplay.cpp ****         debugMessage(Error::GPIO_PORT_INVALID, Debug::CodeIndex::SEVEN_SEGMENTS_MUX_DISPLAY_MODULE)
 222:funsape/device/sevenSegmentsMuxDisplay.cpp ****         this->_lastError = Error::GPIO_PORT_INVALID;
 223:funsape/device/sevenSegmentsMuxDisplay.cpp ****         return false;
 224:funsape/device/sevenSegmentsMuxDisplay.cpp ****     }
 225:funsape/device/sevenSegmentsMuxDisplay.cpp ****     if(!gpioControl_p->isInitialized()) {
 388               		.loc 1 225 0
 389 006a 94FB      		bst r25,4
 390 006c 8827      		clr r24
 391 006e 80F9      		bld r24,0
 392 0070 94FF      		sbrs r25,4
 393 0072 00C0      		rjmp .L24
GAS LISTING /tmp/ccBZkcq9.s 			page 23


 394               	.LVL32:
 395               	.LBB47:
 396               	.LBB48:
 585:funsape/device/../peripheral/gpioBus.hpp **** }
 397               		.loc 2 585 0
 398 0074 1896      		adiw r26,8
 399 0076 9C91      		ld r25,X
 400 0078 9F70      		andi r25,lo8(15)
 401               	.LVL33:
 402               	.LBE48:
 403               	.LBE47:
 226:funsape/device/sevenSegmentsMuxDisplay.cpp ****         // Returns error
 227:funsape/device/sevenSegmentsMuxDisplay.cpp ****         debugMessage(Error::GPIO_NOT_INITIALIZED, Debug::CodeIndex::SEVEN_SEGMENTS_MUX_DISPLAY_MODU
 228:funsape/device/sevenSegmentsMuxDisplay.cpp ****         this->_lastError = Error::GPIO_NOT_INITIALIZED;
 229:funsape/device/sevenSegmentsMuxDisplay.cpp ****         return false;
 230:funsape/device/sevenSegmentsMuxDisplay.cpp ****     }
 231:funsape/device/sevenSegmentsMuxDisplay.cpp ****     aux8 = gpioControl_p->getBusSize();
 232:funsape/device/sevenSegmentsMuxDisplay.cpp ****     if((aux8 < 2) || (aux8 > 8)) {
 404               		.loc 1 232 0
 405 007a 3EEF      		ldi r19,lo8(-2)
 406 007c 390F      		add r19,r25
 407 007e 3730      		cpi r19,lo8(7)
 408 0080 00F4      		brsh .L25
 233:funsape/device/sevenSegmentsMuxDisplay.cpp ****         // Returns error
 234:funsape/device/sevenSegmentsMuxDisplay.cpp ****         debugMessage(Error::GPIO_BUS_SIZE_INVALID, Debug::CodeIndex::SEVEN_SEGMENTS_MUX_DISPLAY_MOD
 235:funsape/device/sevenSegmentsMuxDisplay.cpp ****         this->_lastError = Error::GPIO_BUS_SIZE_INVALID;
 236:funsape/device/sevenSegmentsMuxDisplay.cpp ****         return false;
 237:funsape/device/sevenSegmentsMuxDisplay.cpp ****     }
 238:funsape/device/sevenSegmentsMuxDisplay.cpp **** 
 239:funsape/device/sevenSegmentsMuxDisplay.cpp ****     // Updates data members
 240:funsape/device/sevenSegmentsMuxDisplay.cpp ****     this->_gpioControlBus               = gpioControl_p;
 409               		.loc 1 240 0
 410 0082 5183      		std Z+1,r21
 411 0084 4083      		st Z,r20
 241:funsape/device/sevenSegmentsMuxDisplay.cpp ****     this->_gpioDataBus                  = gpioData_p;
 412               		.loc 1 241 0
 413 0086 7383      		std Z+3,r23
 414 0088 6283      		std Z+2,r22
 242:funsape/device/sevenSegmentsMuxDisplay.cpp ****     this->_controlActiveLevel           = controlOnLevel_p;
 415               		.loc 1 242 0
 416 008a 3781      		ldd r19,Z+7
 417 008c 20FB      		bst r18,0
 418 008e 30F9      		bld r19,0
 243:funsape/device/sevenSegmentsMuxDisplay.cpp ****     this->_isPortsSet                   = true;
 419               		.loc 1 243 0
 420 0090 2481      		ldd r18,Z+4
 421               	.LVL34:
 422 0092 2260      		ori r18,lo8(1<<1)
 423 0094 2483      		std Z+4,r18
 244:funsape/device/sevenSegmentsMuxDisplay.cpp ****     this->_digitMax                     = aux8 - 1;
 424               		.loc 1 244 0
 425 0096 9150      		subi r25,lo8(-(-1))
 426 0098 9770      		andi r25,lo8(7)
 427 009a 9295      		swap r25
 428 009c 907F      		andi r25,lo8(-16)
 429 009e 3F78      		andi r19,lo8(-113)
 430 00a0 932B      		or r25,r19
GAS LISTING /tmp/ccBZkcq9.s 			page 24


 431 00a2 9783      		std Z+7,r25
 245:funsape/device/sevenSegmentsMuxDisplay.cpp **** 
 246:funsape/device/sevenSegmentsMuxDisplay.cpp ****     // Returns successfully
 247:funsape/device/sevenSegmentsMuxDisplay.cpp ****     this->_lastError = Error::NONE;
 432               		.loc 1 247 0
 433 00a4 1682      		std Z+6,__zero_reg__
 434 00a6 1582      		std Z+5,__zero_reg__
 435               	/* epilogue start */
 248:funsape/device/sevenSegmentsMuxDisplay.cpp ****     debugMessage(Error::NONE, Debug::CodeIndex::SEVEN_SEGMENTS_MUX_DISPLAY_MODULE);
 249:funsape/device/sevenSegmentsMuxDisplay.cpp ****     return true;
 250:funsape/device/sevenSegmentsMuxDisplay.cpp **** }
 436               		.loc 1 250 0
 437 00a8 0895      		ret
 438               	.LVL35:
 439               	.L23:
 222:funsape/device/sevenSegmentsMuxDisplay.cpp ****         return false;
 440               		.loc 1 222 0
 441 00aa 84E8      		ldi r24,lo8(-124)
 442 00ac 90E0      		ldi r25,0
 443 00ae 9683      		std Z+6,r25
 444 00b0 8583      		std Z+5,r24
 223:funsape/device/sevenSegmentsMuxDisplay.cpp ****     }
 445               		.loc 1 223 0
 446 00b2 80E0      		ldi r24,0
 447 00b4 0895      		ret
 448               	.L24:
 228:funsape/device/sevenSegmentsMuxDisplay.cpp ****         return false;
 449               		.loc 1 228 0
 450 00b6 22E8      		ldi r18,lo8(-126)
 451 00b8 30E0      		ldi r19,0
 452               	.LVL36:
 453 00ba 3683      		std Z+6,r19
 454 00bc 2583      		std Z+5,r18
 229:funsape/device/sevenSegmentsMuxDisplay.cpp ****     }
 455               		.loc 1 229 0
 456 00be 0895      		ret
 457               	.LVL37:
 458               	.L25:
 235:funsape/device/sevenSegmentsMuxDisplay.cpp ****         return false;
 459               		.loc 1 235 0
 460 00c0 81E8      		ldi r24,lo8(-127)
 461 00c2 90E0      		ldi r25,0
 462 00c4 9683      		std Z+6,r25
 463 00c6 8583      		std Z+5,r24
 236:funsape/device/sevenSegmentsMuxDisplay.cpp ****     }
 464               		.loc 1 236 0
 465 00c8 80E0      		ldi r24,0
 466 00ca 0895      		ret
 467               		.cfi_endproc
 468               	.LFE89:
 470               		.section	.text._ZN23SevenSegmentsMuxDisplay13showNextDigitEv,"ax",@progbits
 471               	.global	_ZN23SevenSegmentsMuxDisplay13showNextDigitEv
 473               	_ZN23SevenSegmentsMuxDisplay13showNextDigitEv:
 474               	.LFB90:
 251:funsape/device/sevenSegmentsMuxDisplay.cpp **** 
 252:funsape/device/sevenSegmentsMuxDisplay.cpp **** bool_t SevenSegmentsMuxDisplay::showNextDigit(void)
 253:funsape/device/sevenSegmentsMuxDisplay.cpp **** {
GAS LISTING /tmp/ccBZkcq9.s 			page 25


 475               		.loc 1 253 0
 476               		.cfi_startproc
 477               	.LVL38:
 478 0000 1F93      		push r17
 479               	.LCFI4:
 480               		.cfi_def_cfa_offset 3
 481               		.cfi_offset 17, -2
 482 0002 CF93      		push r28
 483               	.LCFI5:
 484               		.cfi_def_cfa_offset 4
 485               		.cfi_offset 28, -3
 486 0004 DF93      		push r29
 487               	.LCFI6:
 488               		.cfi_def_cfa_offset 5
 489               		.cfi_offset 29, -4
 490               	/* prologue: function */
 491               	/* frame size = 0 */
 492               	/* stack size = 3 */
 493               	.L__stack_usage = 3
 494 0006 EC01      		movw r28,r24
 254:funsape/device/sevenSegmentsMuxDisplay.cpp ****     // Mark passage for debugging purpose
 255:funsape/device/sevenSegmentsMuxDisplay.cpp ****     debugMark(PSTR("SevenSegmentsMuxDisplay::showNextDigit(void)"), Debug::CodeIndex::SEVEN_SEGMENT
 256:funsape/device/sevenSegmentsMuxDisplay.cpp **** 
 257:funsape/device/sevenSegmentsMuxDisplay.cpp ****     // Checks for errors
 258:funsape/device/sevenSegmentsMuxDisplay.cpp ****     if(!this->_isInitialized) {
 495               		.loc 1 258 0
 496 0008 8C81      		ldd r24,Y+4
 497               	.LVL39:
 498 000a 182F      		mov r17,r24
 499 000c 1170      		andi r17,1
 500 000e 80FF      		sbrs r24,0
 501 0010 00C0      		rjmp .L38
 259:funsape/device/sevenSegmentsMuxDisplay.cpp ****         // Returns error
 260:funsape/device/sevenSegmentsMuxDisplay.cpp ****         this->_lastError = Error::NOT_INITIALIZED;
 261:funsape/device/sevenSegmentsMuxDisplay.cpp ****         debugMessage(Error::NOT_INITIALIZED, Debug::CodeIndex::SEVEN_SEGMENTS_MUX_DISPLAY_MODULE);
 262:funsape/device/sevenSegmentsMuxDisplay.cpp ****         return false;
 263:funsape/device/sevenSegmentsMuxDisplay.cpp ****     }
 264:funsape/device/sevenSegmentsMuxDisplay.cpp **** 
 265:funsape/device/sevenSegmentsMuxDisplay.cpp ****     // Turns current digit OFF
 266:funsape/device/sevenSegmentsMuxDisplay.cpp ****     if(this->_displayType == SevenSegmentsDisplayType::COMMON_ANODE) {
 502               		.loc 1 266 0
 503 0012 8989      		ldd r24,Y+17
 504 0014 80FD      		sbrc r24,0
 505 0016 00C0      		rjmp .L29
 267:funsape/device/sevenSegmentsMuxDisplay.cpp ****         this->_gpioDataBus->set();
 506               		.loc 1 267 0
 507 0018 EA81      		ldd r30,Y+2
 508 001a FB81      		ldd r31,Y+3
 509               	.LVL40:
 510               	.LBB49:
 511               	.LBB50:
 512               		.loc 2 629 0
 513 001c A281      		ldd r26,Z+2
 514 001e B381      		ldd r27,Z+3
 515 0020 8C91      		ld r24,X
 516 0022 9681      		ldd r25,Z+6
 517 0024 892B      		or r24,r25
GAS LISTING /tmp/ccBZkcq9.s 			page 26


 518 0026 8C93      		st X,r24
 519               	.LVL41:
 520               	.L30:
 521               	.LBE50:
 522               	.LBE49:
 268:funsape/device/sevenSegmentsMuxDisplay.cpp ****     } else {
 269:funsape/device/sevenSegmentsMuxDisplay.cpp ****         this->_gpioDataBus->clr();
 270:funsape/device/sevenSegmentsMuxDisplay.cpp ****     }
 271:funsape/device/sevenSegmentsMuxDisplay.cpp **** 
 272:funsape/device/sevenSegmentsMuxDisplay.cpp ****     // Turns all displays off
 273:funsape/device/sevenSegmentsMuxDisplay.cpp ****     if(this->_controlActiveLevel == LogicLevel::HIGH) {
 523               		.loc 1 273 0
 524 0028 8F81      		ldd r24,Y+7
 525 002a 80FF      		sbrs r24,0
 526 002c 00C0      		rjmp .L31
 274:funsape/device/sevenSegmentsMuxDisplay.cpp ****         this->_gpioControlBus->clr();
 527               		.loc 1 274 0
 528 002e E881      		ld r30,Y
 529 0030 F981      		ldd r31,Y+1
 530               	.LVL42:
 531               	.LBB51:
 532               	.LBB52:
 549:funsape/device/../peripheral/gpioBus.hpp **** 
 533               		.loc 2 549 0
 534 0032 A281      		ldd r26,Z+2
 535 0034 B381      		ldd r27,Z+3
 536 0036 9C91      		ld r25,X
 537 0038 8681      		ldd r24,Z+6
 538 003a 8095      		com r24
 539 003c 8923      		and r24,r25
 540 003e 8C93      		st X,r24
 541               	.LVL43:
 542               	.L32:
 543               	.LBE52:
 544               	.LBE51:
 275:funsape/device/sevenSegmentsMuxDisplay.cpp ****     } else {
 276:funsape/device/sevenSegmentsMuxDisplay.cpp ****         this->_gpioControlBus->set();
 277:funsape/device/sevenSegmentsMuxDisplay.cpp ****     }
 278:funsape/device/sevenSegmentsMuxDisplay.cpp **** 
 279:funsape/device/sevenSegmentsMuxDisplay.cpp ****     // Evaluates next digit
 280:funsape/device/sevenSegmentsMuxDisplay.cpp ****     this->_digitIndex = (this->_digitIndex == this->_digitMax) ? 0 : (this->_digitIndex + 1);
 545               		.loc 1 280 0
 546 0040 9F81      		ldd r25,Y+7
 547 0042 892F      		mov r24,r25
 548 0044 8695      		lsr r24
 549 0046 8770      		andi r24,lo8(7)
 550 0048 9295      		swap r25
 551 004a 9F70      		andi r25,lo8(15)
 552 004c 9770      		andi r25,lo8(7)
 553 004e 8917      		cp r24,r25
 554 0050 01F4      		brne .+2
 555 0052 00C0      		rjmp .L37
 556               		.loc 1 280 0 is_stmt 0 discriminator 1
 557 0054 8F5F      		subi r24,lo8(-(1))
 558 0056 282F      		mov r18,r24
 559 0058 2770      		andi r18,lo8(7)
 560               	.L33:
GAS LISTING /tmp/ccBZkcq9.s 			page 27


 561               		.loc 1 280 0 discriminator 4
 562 005a 922F      		mov r25,r18
 563 005c 990F      		lsl r25
 564 005e 8F81      		ldd r24,Y+7
 565 0060 817F      		andi r24,lo8(-15)
 566 0062 892B      		or r24,r25
 567 0064 8F83      		std Y+7,r24
 281:funsape/device/sevenSegmentsMuxDisplay.cpp **** 
 282:funsape/device/sevenSegmentsMuxDisplay.cpp ****     // Send data to port
 283:funsape/device/sevenSegmentsMuxDisplay.cpp ****     uint8_t aux8 = convertToSevenSegments(
 568               		.loc 1 283 0 is_stmt 1 discriminator 4
 569 0066 4989      		ldd r20,Y+17
 570 0068 4170      		andi r20,1
 284:funsape/device/sevenSegmentsMuxDisplay.cpp ****                     this->_digitValue[this->_digitIndex],
 285:funsape/device/sevenSegmentsMuxDisplay.cpp ****                     (bool_t)(this->_digitPoint & (1 << this->_digitIndex)),
 571               		.loc 1 285 0 discriminator 4
 572 006a 982F      		mov r25,r24
 573 006c 991F      		rol r25
 574 006e 9927      		clr r25
 575 0070 991F      		rol r25
 576 0072 8885      		ldd r24,Y+8
 577 0074 880F      		lsl r24
 578 0076 892B      		or r24,r25
 579 0078 90E0      		ldi r25,0
 580 007a A22F      		mov r26,r18
 581 007c B0E0      		ldi r27,0
 582 007e 00C0      		rjmp 2f
 583               		1:
 584 0080 9595      		asr r25
 585 0082 8795      		ror r24
 586               		2:
 587 0084 2A95      		dec r18
 588 0086 02F4      		brpl 1b
 283:funsape/device/sevenSegmentsMuxDisplay.cpp ****                     this->_digitValue[this->_digitIndex],
 589               		.loc 1 283 0 discriminator 4
 590 0088 61E0      		ldi r22,lo8(1)
 591 008a 80FF      		sbrs r24,0
 592 008c 60E0      		ldi r22,0
 593               	.L34:
 594 008e AC0F      		add r26,r28
 595 0090 BD1F      		adc r27,r29
 286:funsape/device/sevenSegmentsMuxDisplay.cpp ****                     this->_displayType
 287:funsape/device/sevenSegmentsMuxDisplay.cpp ****             );
 596               		.loc 1 287 0 discriminator 4
 597 0092 1996      		adiw r26,9
 598 0094 8C91      		ld r24,X
 599 0096 0E94 0000 		call _Z22convertToSevenSegmentshb24SevenSegmentsDisplayType
 600               	.LVL44:
 288:funsape/device/sevenSegmentsMuxDisplay.cpp ****     this->_gpioDataBus->write(aux8);
 601               		.loc 1 288 0 discriminator 4
 602 009a 682F      		mov r22,r24
 603 009c 8A81      		ldd r24,Y+2
 604 009e 9B81      		ldd r25,Y+3
 605               	.LVL45:
 606 00a0 0E94 0000 		call _ZN7GpioBus5writeEh
 607               	.LVL46:
 289:funsape/device/sevenSegmentsMuxDisplay.cpp ****     // Turns digit on
GAS LISTING /tmp/ccBZkcq9.s 			page 28


 290:funsape/device/sevenSegmentsMuxDisplay.cpp ****     if(this->_controlActiveLevel == LogicLevel::HIGH) {
 608               		.loc 1 290 0 discriminator 4
 609 00a4 8F81      		ldd r24,Y+7
 610 00a6 80FF      		sbrs r24,0
 611 00a8 00C0      		rjmp .L35
 291:funsape/device/sevenSegmentsMuxDisplay.cpp ****         this->_gpioControlBus->set(this->_digitIndex);
 612               		.loc 1 291 0
 613 00aa A881      		ld r26,Y
 614 00ac B981      		ldd r27,Y+1
 615 00ae 8695      		lsr r24
 616 00b0 8770      		andi r24,lo8(7)
 617               	.LVL47:
 618               	.LBB53:
 619               	.LBB54:
 630:funsape/device/../peripheral/gpioBus.hpp **** 
 631:funsape/device/../peripheral/gpioBus.hpp ****     // Returns
 632:funsape/device/../peripheral/gpioBus.hpp ****     return;
 633:funsape/device/../peripheral/gpioBus.hpp **** }
 634:funsape/device/../peripheral/gpioBus.hpp **** 
 635:funsape/device/../peripheral/gpioBus.hpp **** void inlined GpioBus::set(cuint8_t bitIndex_p) const
 636:funsape/device/../peripheral/gpioBus.hpp **** {
 637:funsape/device/../peripheral/gpioBus.hpp ****     // Clear pin
 638:funsape/device/../peripheral/gpioBus.hpp ****     setBit(*(this->_regOut), (bitIndex_p + (uint8_t)this->_pinIndex));
 620               		.loc 2 638 0
 621 00b2 1296      		adiw r26,2
 622 00b4 ED91      		ld r30,X+
 623 00b6 FC91      		ld r31,X
 624 00b8 1397      		sbiw r26,2+1
 625 00ba 9081      		ld r25,Z
 626 00bc 1796      		adiw r26,7
 627 00be 4C91      		ld r20,X
 628 00c0 480F      		add r20,r24
 629 00c2 5527      		clr r21
 630 00c4 551F      		rol r21
 631 00c6 21E0      		ldi r18,lo8(1)
 632 00c8 30E0      		ldi r19,0
 633 00ca 00C0      		rjmp 2f
 634               		1:
 635 00cc 220F      		lsl r18
 636 00ce 331F      		rol r19
 637               		2:
 638 00d0 4A95      		dec r20
 639 00d2 02F4      		brpl 1b
 640 00d4 892F      		mov r24,r25
 641               	.LVL48:
 642 00d6 822B      		or r24,r18
 643 00d8 8083      		st Z,r24
 644               	.LVL49:
 645               	.L36:
 646               	.LBE54:
 647               	.LBE53:
 292:funsape/device/sevenSegmentsMuxDisplay.cpp ****     } else {
 293:funsape/device/sevenSegmentsMuxDisplay.cpp ****         this->_gpioControlBus->clr(this->_digitIndex);
 294:funsape/device/sevenSegmentsMuxDisplay.cpp ****     }
 295:funsape/device/sevenSegmentsMuxDisplay.cpp **** 
 296:funsape/device/sevenSegmentsMuxDisplay.cpp ****     // Returns successfully
 297:funsape/device/sevenSegmentsMuxDisplay.cpp ****     this->_lastError = Error::NONE;
GAS LISTING /tmp/ccBZkcq9.s 			page 29


 648               		.loc 1 297 0
 649 00da 1E82      		std Y+6,__zero_reg__
 650 00dc 1D82      		std Y+5,__zero_reg__
 651               	.L26:
 298:funsape/device/sevenSegmentsMuxDisplay.cpp ****     debugMessage(Error::NONE, Debug::CodeIndex::SEVEN_SEGMENTS_MUX_DISPLAY_MODULE);
 299:funsape/device/sevenSegmentsMuxDisplay.cpp ****     return true;
 300:funsape/device/sevenSegmentsMuxDisplay.cpp **** }
 652               		.loc 1 300 0
 653 00de 812F      		mov r24,r17
 654               	/* epilogue start */
 655 00e0 DF91      		pop r29
 656 00e2 CF91      		pop r28
 657               	.LVL50:
 658 00e4 1F91      		pop r17
 659 00e6 0895      		ret
 660               	.LVL51:
 661               	.L38:
 260:funsape/device/sevenSegmentsMuxDisplay.cpp ****         debugMessage(Error::NOT_INITIALIZED, Debug::CodeIndex::SEVEN_SEGMENTS_MUX_DISPLAY_MODULE);
 662               		.loc 1 260 0
 663 00e8 86E0      		ldi r24,lo8(6)
 664 00ea 90E0      		ldi r25,0
 665 00ec 9E83      		std Y+6,r25
 666 00ee 8D83      		std Y+5,r24
 262:funsape/device/sevenSegmentsMuxDisplay.cpp ****     }
 667               		.loc 1 262 0
 668 00f0 00C0      		rjmp .L26
 669               	.L29:
 269:funsape/device/sevenSegmentsMuxDisplay.cpp ****     }
 670               		.loc 1 269 0
 671 00f2 EA81      		ldd r30,Y+2
 672 00f4 FB81      		ldd r31,Y+3
 673               	.LVL52:
 674               	.LBB55:
 675               	.LBB56:
 549:funsape/device/../peripheral/gpioBus.hpp **** 
 676               		.loc 2 549 0
 677 00f6 A281      		ldd r26,Z+2
 678 00f8 B381      		ldd r27,Z+3
 679 00fa 9C91      		ld r25,X
 680 00fc 8681      		ldd r24,Z+6
 681 00fe 8095      		com r24
 682 0100 8923      		and r24,r25
 683 0102 8C93      		st X,r24
 684 0104 00C0      		rjmp .L30
 685               	.LVL53:
 686               	.L31:
 687               	.LBE56:
 688               	.LBE55:
 276:funsape/device/sevenSegmentsMuxDisplay.cpp ****     }
 689               		.loc 1 276 0
 690 0106 E881      		ld r30,Y
 691 0108 F981      		ldd r31,Y+1
 692               	.LVL54:
 693               	.LBB57:
 694               	.LBB58:
 629:funsape/device/../peripheral/gpioBus.hpp **** 
 695               		.loc 2 629 0
GAS LISTING /tmp/ccBZkcq9.s 			page 30


 696 010a A281      		ldd r26,Z+2
 697 010c B381      		ldd r27,Z+3
 698 010e 8C91      		ld r24,X
 699 0110 9681      		ldd r25,Z+6
 700 0112 892B      		or r24,r25
 701 0114 8C93      		st X,r24
 702 0116 00C0      		rjmp .L32
 703               	.LVL55:
 704               	.L37:
 705               	.LBE58:
 706               	.LBE57:
 280:funsape/device/sevenSegmentsMuxDisplay.cpp **** 
 707               		.loc 1 280 0
 708 0118 20E0      		ldi r18,0
 709 011a 00C0      		rjmp .L33
 710               	.L35:
 293:funsape/device/sevenSegmentsMuxDisplay.cpp ****     }
 711               		.loc 1 293 0
 712 011c A881      		ld r26,Y
 713 011e B981      		ldd r27,Y+1
 714 0120 9F81      		ldd r25,Y+7
 715 0122 9695      		lsr r25
 716 0124 9770      		andi r25,lo8(7)
 717               	.LVL56:
 718               	.LBB59:
 719               	.LBB60:
 558:funsape/device/../peripheral/gpioBus.hpp **** 
 720               		.loc 2 558 0
 721 0126 1296      		adiw r26,2
 722 0128 ED91      		ld r30,X+
 723 012a FC91      		ld r31,X
 724 012c 1397      		sbiw r26,2+1
 725 012e 4081      		ld r20,Z
 726 0130 1796      		adiw r26,7
 727 0132 2C91      		ld r18,X
 728 0134 290F      		add r18,r25
 729 0136 3327      		clr r19
 730 0138 331F      		rol r19
 731 013a 81E0      		ldi r24,lo8(1)
 732 013c 90E0      		ldi r25,0
 733 013e 00C0      		rjmp 2f
 734               		1:
 735 0140 880F      		lsl r24
 736 0142 991F      		rol r25
 737               		2:
 738 0144 2A95      		dec r18
 739 0146 02F4      		brpl 1b
 740 0148 8095      		com r24
 741 014a 8423      		and r24,r20
 742 014c 8083      		st Z,r24
 743 014e 00C0      		rjmp .L36
 744               	.LBE60:
 745               	.LBE59:
 746               		.cfi_endproc
 747               	.LFE90:
 749               		.section	.text._ZN23SevenSegmentsMuxDisplay17updateDigitValuesEPKhPKb,"ax",@progbits
 750               	.global	_ZN23SevenSegmentsMuxDisplay17updateDigitValuesEPKhPKb
GAS LISTING /tmp/ccBZkcq9.s 			page 31


 752               	_ZN23SevenSegmentsMuxDisplay17updateDigitValuesEPKhPKb:
 753               	.LFB91:
 301:funsape/device/sevenSegmentsMuxDisplay.cpp **** 
 302:funsape/device/sevenSegmentsMuxDisplay.cpp **** bool_t SevenSegmentsMuxDisplay::updateDigitValues(cuint8_t *digitValues_p, cbool_t *digitPoints_p)
 303:funsape/device/sevenSegmentsMuxDisplay.cpp **** {
 754               		.loc 1 303 0
 755               		.cfi_startproc
 756               	.LVL57:
 757 0000 FF92      		push r15
 758               	.LCFI7:
 759               		.cfi_def_cfa_offset 3
 760               		.cfi_offset 15, -2
 761 0002 0F93      		push r16
 762               	.LCFI8:
 763               		.cfi_def_cfa_offset 4
 764               		.cfi_offset 16, -3
 765 0004 1F93      		push r17
 766               	.LCFI9:
 767               		.cfi_def_cfa_offset 5
 768               		.cfi_offset 17, -4
 769 0006 CF93      		push r28
 770               	.LCFI10:
 771               		.cfi_def_cfa_offset 6
 772               		.cfi_offset 28, -5
 773 0008 DF93      		push r29
 774               	.LCFI11:
 775               		.cfi_def_cfa_offset 7
 776               		.cfi_offset 29, -6
 777               	/* prologue: function */
 778               	/* frame size = 0 */
 779               	/* stack size = 5 */
 780               	.L__stack_usage = 5
 781 000a DC01      		movw r26,r24
 782               	.LVL58:
 304:funsape/device/sevenSegmentsMuxDisplay.cpp ****     // Mark passage for debugging purpose
 305:funsape/device/sevenSegmentsMuxDisplay.cpp ****     debugMark(PSTR("SevenSegmentsMuxDisplay::updateDigitValues(cuint8_t *, cbool_t *)"),
 306:funsape/device/sevenSegmentsMuxDisplay.cpp ****             Debug::CodeIndex::SEVEN_SEGMENTS_MUX_DISPLAY_MODULE);
 307:funsape/device/sevenSegmentsMuxDisplay.cpp **** 
 308:funsape/device/sevenSegmentsMuxDisplay.cpp ****     // Local variables
 309:funsape/device/sevenSegmentsMuxDisplay.cpp ****     uint8_t aux8 = 0;
 310:funsape/device/sevenSegmentsMuxDisplay.cpp **** 
 311:funsape/device/sevenSegmentsMuxDisplay.cpp ****     // Check for errors
 312:funsape/device/sevenSegmentsMuxDisplay.cpp ****     if(!isPointerValid(digitValues_p)) {
 783               		.loc 1 312 0
 784 000c 6115      		cp r22,__zero_reg__
 785 000e 7105      		cpc r23,__zero_reg__
 786 0010 01F0      		breq .L47
 787               	.LBB61:
 313:funsape/device/sevenSegmentsMuxDisplay.cpp ****         // Returns error
 314:funsape/device/sevenSegmentsMuxDisplay.cpp ****         debugMessage(Error::ARGUMENT_POINTER_NULL, Debug::CodeIndex::SEVEN_SEGMENTS_MUX_DISPLAY_MOD
 315:funsape/device/sevenSegmentsMuxDisplay.cpp ****         this->_lastError = Error::ARGUMENT_POINTER_NULL;
 316:funsape/device/sevenSegmentsMuxDisplay.cpp ****         return false;
 317:funsape/device/sevenSegmentsMuxDisplay.cpp ****     }
 318:funsape/device/sevenSegmentsMuxDisplay.cpp **** 
 319:funsape/device/sevenSegmentsMuxDisplay.cpp ****     // Updates data members
 320:funsape/device/sevenSegmentsMuxDisplay.cpp ****     for(uint8_t i = 0; i < (this->_digitMax + 1); i++) {
 788               		.loc 1 320 0
GAS LISTING /tmp/ccBZkcq9.s 			page 32


 789 0012 80E0      		ldi r24,0
 790               	.LVL59:
 791               	.LBE61:
 309:funsape/device/sevenSegmentsMuxDisplay.cpp **** 
 792               		.loc 1 309 0
 793 0014 F12C      		mov r15,__zero_reg__
 794 0016 00C0      		rjmp .L40
 795               	.LVL60:
 796               	.L47:
 315:funsape/device/sevenSegmentsMuxDisplay.cpp ****         return false;
 797               		.loc 1 315 0
 798 0018 81E5      		ldi r24,lo8(81)
 799 001a 90E0      		ldi r25,0
 800               	.LVL61:
 801 001c 1696      		adiw r26,5+1
 802 001e 9C93      		st X,r25
 803 0020 8E93      		st -X,r24
 804 0022 1597      		sbiw r26,5
 316:funsape/device/sevenSegmentsMuxDisplay.cpp ****     }
 805               		.loc 1 316 0
 806 0024 80E0      		ldi r24,0
 807 0026 00C0      		rjmp .L39
 808               	.LVL62:
 809               	.L46:
 810               	.LBB62:
 321:funsape/device/sevenSegmentsMuxDisplay.cpp ****         this->_digitValue[i] = digitValues_p[i];
 322:funsape/device/sevenSegmentsMuxDisplay.cpp ****         aux8 |= (digitPoints_p[i]) ? (1 << i) : 0;
 811               		.loc 1 322 0
 812 0028 90E0      		ldi r25,0
 813               	.L43:
 814               		.loc 1 322 0 is_stmt 0 discriminator 4
 815 002a F92A      		or r15,r25
 816               	.LVL63:
 320:funsape/device/sevenSegmentsMuxDisplay.cpp ****         this->_digitValue[i] = digitValues_p[i];
 817               		.loc 1 320 0 is_stmt 1 discriminator 4
 818 002c 8F5F      		subi r24,lo8(-(1))
 819               	.LVL64:
 820               	.L40:
 320:funsape/device/sevenSegmentsMuxDisplay.cpp ****         this->_digitValue[i] = digitValues_p[i];
 821               		.loc 1 320 0 is_stmt 0 discriminator 2
 822 002e E82F      		mov r30,r24
 823 0030 F0E0      		ldi r31,0
 824 0032 1796      		adiw r26,7
 825 0034 2C91      		ld r18,X
 826 0036 1797      		sbiw r26,7
 827 0038 2295      		swap r18
 828 003a 2F70      		andi r18,lo8(15)
 829 003c 2770      		andi r18,lo8(7)
 830 003e 30E0      		ldi r19,0
 831 0040 2F5F      		subi r18,-1
 832 0042 3F4F      		sbci r19,-1
 833 0044 E217      		cp r30,r18
 834 0046 F307      		cpc r31,r19
 835 0048 04F4      		brge .L42
 321:funsape/device/sevenSegmentsMuxDisplay.cpp ****         this->_digitValue[i] = digitValues_p[i];
 836               		.loc 1 321 0 is_stmt 1
 837 004a 9F01      		movw r18,r30
GAS LISTING /tmp/ccBZkcq9.s 			page 33


 838 004c 8B01      		movw r16,r22
 839 004e 020F      		add r16,r18
 840 0050 131F      		adc r17,r19
 841 0052 E801      		movw r28,r16
 842 0054 9881      		ld r25,Y
 843 0056 8D01      		movw r16,r26
 844 0058 0E0F      		add r16,r30
 845 005a 1F1F      		adc r17,r31
 846 005c E801      		movw r28,r16
 847 005e 9987      		std Y+9,r25
 848               		.loc 1 322 0
 849 0060 240F      		add r18,r20
 850 0062 351F      		adc r19,r21
 851 0064 E901      		movw r28,r18
 852 0066 9881      		ld r25,Y
 853 0068 9923      		tst r25
 854 006a 01F0      		breq .L46
 855               		.loc 1 322 0 is_stmt 0 discriminator 1
 856 006c 91E0      		ldi r25,lo8(1)
 857 006e 082E      		mov r0,r24
 858 0070 00C0      		rjmp 2f
 859               		1:
 860 0072 990F      		lsl r25
 861               		2:
 862 0074 0A94      		dec r0
 863 0076 02F4      		brpl 1b
 864 0078 00C0      		rjmp .L43
 865               	.L42:
 866               	.LBE62:
 323:funsape/device/sevenSegmentsMuxDisplay.cpp ****     }
 324:funsape/device/sevenSegmentsMuxDisplay.cpp ****     if(isPointerValid(digitPoints_p)) {
 867               		.loc 1 324 0 is_stmt 1
 868 007a 452B      		or r20,r21
 869 007c 01F0      		breq .L44
 325:funsape/device/sevenSegmentsMuxDisplay.cpp ****         this->_digitPoint = aux8;
 870               		.loc 1 325 0
 871 007e 9F2D      		mov r25,r15
 872 0080 9795      		ror r25
 873 0082 9927      		clr r25
 874 0084 9795      		ror r25
 875 0086 1796      		adiw r26,7
 876 0088 8C91      		ld r24,X
 877 008a 1797      		sbiw r26,7
 878               	.LVL65:
 879 008c 8F77      		andi r24,lo8(127)
 880 008e 892B      		or r24,r25
 881 0090 1796      		adiw r26,7
 882 0092 8C93      		st X,r24
 883 0094 1797      		sbiw r26,7
 884 0096 CF2D      		mov r28,r15
 885 0098 C695      		lsr r28
 886 009a 1896      		adiw r26,8
 887 009c 8C91      		ld r24,X
 888 009e 1897      		sbiw r26,8
 889 00a0 8078      		andi r24,lo8(-128)
 890 00a2 C82B      		or r28,r24
 891 00a4 1896      		adiw r26,8
GAS LISTING /tmp/ccBZkcq9.s 			page 34


 892 00a6 CC93      		st X,r28
 893 00a8 1897      		sbiw r26,8
 894               	.L44:
 326:funsape/device/sevenSegmentsMuxDisplay.cpp ****     }
 327:funsape/device/sevenSegmentsMuxDisplay.cpp **** 
 328:funsape/device/sevenSegmentsMuxDisplay.cpp ****     // Returns successfully
 329:funsape/device/sevenSegmentsMuxDisplay.cpp ****     this->_lastError = Error::NONE;
 895               		.loc 1 329 0
 896 00aa 1696      		adiw r26,5+1
 897 00ac 1C92      		st X,__zero_reg__
 898 00ae 1E92      		st -X,__zero_reg__
 899 00b0 1597      		sbiw r26,5
 330:funsape/device/sevenSegmentsMuxDisplay.cpp ****     debugMessage(Error::NONE, Debug::CodeIndex::SEVEN_SEGMENTS_MUX_DISPLAY_MODULE);
 331:funsape/device/sevenSegmentsMuxDisplay.cpp ****     return true;
 900               		.loc 1 331 0
 901 00b2 81E0      		ldi r24,lo8(1)
 902               	.LVL66:
 903               	.L39:
 904               	/* epilogue start */
 332:funsape/device/sevenSegmentsMuxDisplay.cpp **** }
 905               		.loc 1 332 0
 906 00b4 DF91      		pop r29
 907 00b6 CF91      		pop r28
 908 00b8 1F91      		pop r17
 909 00ba 0F91      		pop r16
 910 00bc FF90      		pop r15
 911 00be 0895      		ret
 912               		.cfi_endproc
 913               	.LFE91:
 915               		.text
 916               	.Letext0:
 917               		.file 3 "/usr/lib/avr/include/stdint.h"
 918               		.file 4 "funsape/device/../config/atmega328p.hpp"
 919               		.file 5 "/usr/lib/avr/include/stdio.h"
 920               		.file 6 "funsape/device/../globalDefines.hpp"
 921               		.file 7 "funsape/device/../util/debug.hpp"
 922               		.file 8 "funsape/device/sevenSegmentsDisplay.hpp"
 923               		.file 9 "funsape/device/sevenSegmentsMuxDisplay.hpp"
GAS LISTING /tmp/ccBZkcq9.s 			page 35


DEFINED SYMBOLS
                            *ABS*:0000000000000000 sevenSegmentsMuxDisplay.cpp
     /tmp/ccBZkcq9.s:2      *ABS*:000000000000003e __SP_H__
     /tmp/ccBZkcq9.s:3      *ABS*:000000000000003d __SP_L__
     /tmp/ccBZkcq9.s:4      *ABS*:000000000000003f __SREG__
     /tmp/ccBZkcq9.s:5      *ABS*:0000000000000000 __tmp_reg__
     /tmp/ccBZkcq9.s:6      *ABS*:0000000000000001 __zero_reg__
     /tmp/ccBZkcq9.s:13     .text._ZN23SevenSegmentsMuxDisplayC2Ev:0000000000000000 _ZN23SevenSegmentsMuxDisplayC2Ev
     /tmp/ccBZkcq9.s:13     .text._ZN23SevenSegmentsMuxDisplayC2Ev:0000000000000000 _ZN23SevenSegmentsMuxDisplayC1Ev
     /tmp/ccBZkcq9.s:81     .text._ZN23SevenSegmentsMuxDisplayD2Ev:0000000000000000 _ZN23SevenSegmentsMuxDisplayD2Ev
     /tmp/ccBZkcq9.s:81     .text._ZN23SevenSegmentsMuxDisplayD2Ev:0000000000000000 _ZN23SevenSegmentsMuxDisplayD1Ev
     /tmp/ccBZkcq9.s:101    .text._ZN23SevenSegmentsMuxDisplay4initE24SevenSegmentsDisplayType:0000000000000000 _ZN23SevenSegmentsMuxDisplay4initE24SevenSegmentsDisplayType
     /tmp/ccBZkcq9.s:282    .text._ZN23SevenSegmentsMuxDisplay8setPortsEP7GpioBusS1_10LogicLevel:0000000000000000 _ZN23SevenSegmentsMuxDisplay8setPortsEP7GpioBusS1_10LogicLevel
     /tmp/ccBZkcq9.s:473    .text._ZN23SevenSegmentsMuxDisplay13showNextDigitEv:0000000000000000 _ZN23SevenSegmentsMuxDisplay13showNextDigitEv
     /tmp/ccBZkcq9.s:752    .text._ZN23SevenSegmentsMuxDisplay17updateDigitValuesEPKhPKb:0000000000000000 _ZN23SevenSegmentsMuxDisplay17updateDigitValuesEPKhPKb

UNDEFINED SYMBOLS
_ZN7GpioBus7setModeE7PinMode
_Z22convertToSevenSegmentshb24SevenSegmentsDisplayType
_ZN7GpioBus5writeEh
